BRIN,vestigingsnaam,gemeente,type,X_linear,Y_linear,X_log,Y_log,HAVO_geslaagd_total
00AH00,Het Stedelijk Kottenpark,ENSCHEDE,HAVO/VWO,40.52,53.27,0.1477,0.1855,427
00AH07,Het Stedelijk College Zuid,ENSCHEDE,HAVO/VWO,12.7,17.45,0.0519,0.0699,216
00AH08,Het Stedelijk Zwering,ENSCHEDE,VMBO,0.0,15.27,0.0,0.0617,0
00AH09,Het Stedelijk Innova,ENSCHEDE,HAVO/VWO,0.0,4.85,0.0,0.0206,22
00AH17,Het Stedelijk Alpha,ENSCHEDE,VMBO,0.0,32.01,0.0,0.1206,0
00AQ00,Zwin College SGM,SLUIS,HAVO/VWO,14.69,20.54,0.0595,0.0811,194
00BD00,Coenecoop College,WADDINXVEEN,HAVO/VWO,11.53,17.88,0.0474,0.0714,282
00CB00,SGM VO Vrije Schoolond,NIJMEGEN,HAVO/VWO,26.56,28.73,0.1023,0.1097,266
00CB01,SGM VO Vrije Schoolond,ZEIST,HAVO/VWO,25.83,19.27,0.0998,0.0765,254
00CB02,SGM VO Vrije Schoolond,EINDHOVEN,HAVO/VWO,17.72,21.75,0.0708,0.0855,157
00DI00,rsg de Borgen,WESTERKWARTIER,VMBO,0.0,24.87,0.0,0.0965,0
00DI01,rsg de Borgen,NOORDENVELD,VMBO,0.0,19.2,0.0,0.0763,0
00DI02,rsg de Borgen,WESTERKWARTIER,HAVO/VWO,26.62,39.42,0.1025,0.1443,694
00DI03,rsg de Borgen,WESTERKWARTIER,VMBO,0.0,31.46,0.0,0.1188,0
00DI06,rsg de Borgen,WESTERKWARTIER,VMBO,0.0,11.4,0.0,0.0469,0
00EF00,VOvA(3),AMSTERDAM,VMBO,0.0,0.0,0.0,0.0,0
00HI00,SGM Dalton College Voorburg,LEIDSCHENDAM-VOORBURG,HAVO/VWO,27.91,26.92,0.1069,0.1035,437
00HI03,François Vatel vmbo,'S-GRAVENHAGE,VMBO,0.0,26.47,0.0,0.102,0
00IP00,Kath SGM Hoofddorp,HAARLEMMERMEER,HAVO/VWO,14.18,19.08,0.0576,0.0759,468
00JR00,SGM Spieringshoek,SCHIEDAM,HAVO/VWO,29.7,41.22,0.1129,0.1499,729
00JT00,GSG Guido,AMERSFOORT,HAVO/VWO,35.0,29.95,0.1303,0.1138,438
00JT02,GSG Guido,AMERSFOORT,VMBO,0.0,11.77,0.0,0.0483,0
00JT03,GSG Guido Guido De Bres,ARNHEM,HAVO/VWO,0.0,12.22,0.0,0.0501,74
00KV00,KSE 00KV,ETTEN-LEUR,HAVO/VWO,23.18,24.95,0.0905,0.0967,935
00LJ00,Chr Coll Schaersvoorde,AALTEN,HAVO/VWO,30.98,36.1,0.1172,0.1339,396
00LJ01,Chr Coll Schaersvoorde,AALTEN,VMBO,0.0,11.27,0.0,0.0464,0
00LJ02,Chr Coll Schaersvoorde,WINTERSWIJK,VMBO,0.0,13.83,0.0,0.0563,0
00LJ05,Chr Coll Schaersvoorde,AALTEN,VMBO,0.0,32.07,0.0,0.1208,0
00MK00,Kath SGM De Breul,ZEIST,HAVO/VWO,38.58,34.83,0.1417,0.1298,556
00ML00,Meerscholen - Het Nieuwe Eemla,AMERSFOORT,HAVO/VWO,30.64,32.01,0.1161,0.1206,434
00ML02,Meerscholen - Muurhuizen,AMERSFOORT,HAVO/VWO,0.0,0.0,0.0,0.0,117
00ML05,'t Hooghe Landt,AMERSFOORT,HAVO/VWO,0.0,42.42,0.0,0.1536,599
00ML09,Meerscholen - Het Element,AMERSFOORT,VMBO,0.0,30.54,0.0,0.1157,0
00ML12,'t Hooghe Landt,AMERSFOORT,HAVO/VWO,49.52,32.94,0.1747,0.1236,0
00MP00,De Noordgouw,HEERDE,HAVO/VWO,22.29,29.53,0.0874,0.1124,378
00MV00,Scholen aan Zee,DEN HELDER,HAVO/VWO,20.24,25.08,0.0801,0.0972,554
00MV01,"Locatie, Schakel aan Zee",DEN HELDER,VMBO,0.0,21.16,0.0,0.0834,0
00MV02,"Loc,Beroepsonderwijs aan Zee",DEN HELDER,VMBO,0.0,19.19,0.0,0.0762,0
00NE00,Delta vmbo,HELMOND,VMBO,0.0,14.83,0.0,0.0601,0
00OB00,Maaswaal College,WIJCHEN,HAVO/VWO,35.79,38.58,0.1329,0.1417,570
00OB03,Maaswaal College,WIJCHEN,VMBO,0.0,5.93,0.0,0.025,0
00PF00,Carmelcollege Emmen,EMMEN,HAVO/VWO,10.82,11.77,0.0446,0.0483,465
00PG00,Scholengroep Driestar-Wartburg,ROTTERDAM,HAVO/VWO,28.96,30.09,0.1104,0.1142,824
00PG02,Driestar-Wartburg De Swaef,ROTTERDAM,VMBO,0.0,49.56,0.0,0.1748,0
00PG03,Driestar-Wartburg Revius,ROTTERDAM,HAVO/VWO,23.98,24.31,0.0934,0.0945,253
00PG04,Driestar-Wartburg Marnix,DORDRECHT,VMBO,0.0,3.57,0.0,0.0152,0
00PJ00,Erasmuscollege,ZOETERMEER,HAVO/VWO,26.77,31.0,0.103,0.1173,655
00PS03,AT Scholen VO - Laar & Berg,LAREN,HAVO/VWO,45.48,28.59,0.1628,0.1092,304
00PS04,AT Scholen VO- Groot Goylant,HILVERSUM,VMBO,0.0,0.0,0.0,0.0,0
00PS05,AT Scholen VO loc St. Aloysius,HILVERSUM,HAVO/VWO,0.0,1.82,0.0,0.0078,134
00PS06,AT Scholen VO- Alberdink Thijm,HILVERSUM,VMBO,0.0,11.21,0.0,0.0461,0
00PS08,AT Scholen VO,HILVERSUM,HAVO/VWO,82.32,45.01,0.2608,0.1614,281
00PS09,AT Scholen VO,HILVERSUM,HAVO/VWO,0.0,30.56,0.0,0.1158,388
00PS10,AT Scholen VO,HILVERSUM,VMBO,0.0,100.0,0.0,0.301,0
00RO00,Amadeus Lyceum,UTRECHT,HAVO/VWO,30.93,27.74,0.117,0.1063,663
00RZ00,Montessori College,NIJMEGEN,HAVO/VWO,32.33,29.46,0.1217,0.1121,387
00RZ01,Montessori College,BERG EN DAL,VMBO,0.0,10.37,0.0,0.0429,0
00RZ07,Montessori College,NIJMEGEN,VMBO,0.0,0.93,0.0,0.004,0
00SZ00,Joh Fontanus College,BARNEVELD,HAVO/VWO,22.93,24.32,0.0897,0.0945,880
00TL00,Het Nieuwe Lyceum,DE BILT,HAVO/VWO,50.64,44.78,0.1779,0.1607,437
00TM00,Hendrik Pierson College,OVERBETUWE,HAVO/VWO,14.25,19.93,0.0578,0.0789,252
00TQ00,SGM Mariëndael VBO LWOO,ARNHEM,VMBO,0.0,0.0,0.0,0.0,0
00TU00,GSR,ROTTERDAM,HAVO/VWO,32.63,32.79,0.1227,0.1232,386
00TU01,Geref SGM Randstad,RIJSWIJK,VMBO,0.0,33.29,0.0,0.1248,0
00UM00,Erfgooiers College,HUIZEN,HAVO/VWO,18.88,25.45,0.0751,0.0985,436
00UZ00,Fioretti College,LISSE,HAVO/VWO,21.18,26.93,0.0834,0.1036,629
00UZ04,Fioretti College,HILLEGOM,VMBO,0.0,33.84,0.0,0.1266,0
00VR00,St.- Jozefmavo,VLAARDINGEN,VMBO,0.0,16.29,0.0,0.0656,0
00VY00,RK SGM Cals College,NIEUWEGEIN,HAVO/VWO,54.94,48.39,0.1902,0.1714,641
00VY04,RK SGM Cals College,IJSSELSTEIN,HAVO/VWO,0.0,5.81,0.0,0.0245,248
00WD00,sg Panta Rhei,AMSTELVEEN,VMBO,0.0,25.1,0.0,0.0973,0
00WH00,Gomarusschool s.g.,GORINCHEM,HAVO/VWO,15.35,20.48,0.062,0.0809,493
00WH02,Gomarusschool s.g.,ZALTBOMMEL,VMBO,0.0,27.43,0.0,0.1053,0
00WI00,Chr. College Groevenbeek,ERMELO,HAVO/VWO,16.45,21.05,0.0661,0.083,843
00WI04,Chr. College Groevenbeek,PUTTEN,VMBO,0.0,0.0,0.0,0.0,0
00XA00,Trinitas College,DIJK EN WAARD,HAVO/VWO,33.52,36.42,0.1255,0.1349,891
00XA01,Trinitas College,DIJK EN WAARD,VMBO,0.0,25.59,0.0,0.099,0
00XK00,Veurs Lyceum,LEIDSCHENDAM-VOORBURG,HAVO/VWO,18.19,27.57,0.0726,0.1057,277
00XK02,Veurs Voorburg vmbo,LEIDSCHENDAM-VOORBURG,VMBO,0.0,0.0,0.0,0.0,0
00YH00,Willem v Oranje Onderwijsgroep,GORINCHEM,VMBO,0.0,11.31,0.0,0.0465,0
00YH01,"Locatie, Schans",ALTENA,VMBO,0.0,1.11,0.0,0.0048,0
00YH02,"Locatie, Calvijn",HARDINXVELD-GIESSENDAM,VMBO,0.0,12.01,0.0,0.0493,0
00YH03,"Locatie, Lyceum oudehoven",GORINCHEM,HAVO/VWO,25.21,40.52,0.0977,0.1477,697
00YH05,"Locatie, Gilde",GORINCHEM,VMBO,0.0,100.0,0.0,0.301,0
00YH06,"Locatie, Windroos",GORINCHEM,VMBO,0.0,0.0,0.0,0.0,0
00YO00,Prot Chr Mavo Waldheim,BAARN,VMBO,0.0,13.11,0.0,0.0535,0
00ZD00,Bonhoeffer College,CASTRICUM,HAVO/VWO,27.58,36.63,0.1058,0.1356,582
00ZO00,PORTEUM 2,LELYSTAD,HAVO/VWO,3.69,3.94,0.0157,0.0168,105
00ZV00,Lauwers College,ACHTKARSPELEN,HAVO/VWO,18.34,20.86,0.0731,0.0823,444
00ZV02,Lauwers College,NOARDEAST-FRYSLÂN,VMBO,0.0,37.26,0.0,0.1375,0
00ZV05,Lauwers College,WESTERKWARTIER,VMBO,0.0,31.72,0.0,0.1197,0
00ZX00,Dockingacollege,NOARDEAST-FRYSLÂN,HAVO/VWO,29.83,36.7,0.1134,0.1358,446
00ZX02,Dockingacollege,NOARDEAST-FRYSLÂN,VMBO,0.0,12.77,0.0,0.0522,0
00ZX03,Dockingacollege,NOARDEAST-FRYSLÂN,VMBO,0.0,45.12,0.0,0.1617,0
00ZX10,Inspecteur Boelensschool,SCHIERMONNIKOOG,VMBO,0.0,0.0,0.0,0.0,0
01AA57,Thomas a Kempiscollege,ZWOLLE,HAVO/VWO,30.23,42.18,0.1147,0.1528,400
01AA59,Jena XL,ZWOLLE,HAVO/VWO,14.42,19.17,0.0585,0.0762,76
01AA61,CSE Topsportacademie Nederland,ZWOLLE,HAVO/VWO,20.0,27.1,0.0792,0.1042,234
01AA68,Thomas a Kempis College (AD),ZWOLLE,VMBO,0.0,7.3,0.0,0.0306,0
01BE00,C.S.G Ulbe Van Houten,WAADHOEKE,VMBO,0.0,4.73,0.0,0.0201,0
01EO00,Da Vinci College,PURMEREND,HAVO/VWO,31.92,37.61,0.1203,0.1386,747
01EO01,SG Gerrit Rietveld,PURMEREND,VMBO,0.0,20.93,0.0,0.0825,0
01EO02,Jan v. Egmond Lyceum,PURMEREND,HAVO/VWO,36.57,33.29,0.1354,0.1248,560
01EO06,SG W.J. Bladergroen,PURMEREND,VMBO,0.0,0.0,0.0,0.0,0
01EO08,SG Nelson Mandela,PURMEREND,VMBO,0.0,12.55,0.0,0.0514,0
01EO12,SG Antoni Gaudi,PURMEREND,VMBO,0.0,11.87,0.0,0.0487,0
01ET00,St. Ignatiusgymnasium,AMSTERDAM,HAVO/VWO,92.99,56.27,0.2855,0.1939,0
01FP00,Het Baken Almere,ALMERE,VMBO,0.0,60.75,0.0,0.2061,0
01FP01,Het Baken Park Lyceum,ALMERE,HAVO/VWO,17.31,19.49,0.0693,0.0773,426
01FP04,Het Baken Trinitas Gymnasium,ALMERE,HAVO/VWO,88.76,56.83,0.2759,0.1954,0
01FP05,Het Baken Poort Lyceum,ALMERE,HAVO/VWO,0.0,14.58,0.0,0.0591,166
01FU00,Nuborgh College,ELBURG,VMBO,0.0,42.66,0.0,0.1543,0
01FU01,Nuborgh College,ELBURG,HAVO/VWO,33.09,35.57,0.1241,0.1321,501
01FU04,Nuborgh College loc. Veluvine,NUNSPEET,VMBO,0.0,40.88,0.0,0.1488,0
01FY00,Augustinianum SGM,EINDHOVEN,HAVO/VWO,49.87,48.98,0.1757,0.1731,418
01GH00,Willem v Oranje College,WAALWIJK,HAVO/VWO,25.97,31.59,0.1003,0.1192,463
01GH01,Willem v Oranje College,ALTENA,VMBO,0.0,43.8,0.0,0.1577,0
01GL00,Sophianum SGM i h Heuvelland,GULPEN-WITTEM,HAVO/VWO,18.52,19.49,0.0738,0.0773,418
01GN00,Valuascollege,VENLO,HAVO/VWO,19.61,19.99,0.0778,0.0792,679
01GV00,Mavoschool Sancta Maria,'S-HERTOGENBOSCH,VMBO,0.0,19.34,0.0,0.0768,0
01GX00,Chr Lyceum Delft,DELFT,HAVO/VWO,36.47,52.9,0.135,0.1844,849
01GX02,Chr Lyceum Delft,DELFT,VMBO,0.0,17.62,0.0,0.0705,0
01GX03,Chr Lyceum Delft,DELFT,VMBO,0.0,15.19,0.0,0.0614,0
01IW00,Dongemond College,GEERTRUIDENBERG,HAVO/VWO,10.54,17.28,0.0435,0.0692,582
01IW03,Dongemond College,DRIMMELEN,VMBO,0.0,9.2,0.0,0.0382,0
01KF00,St Gregorius College,UTRECHT,HAVO/VWO,10.86,17.4,0.0448,0.0697,208
01KF04,Descart,UTRECHT,HAVO/VWO,21.42,33.97,0.0843,0.127,83
01KL00,NOG,VELSEN,HAVO/VWO,43.48,45.51,0.1568,0.1629,485
01KL06,"loc, Technisch Coll Velsen",VELSEN,VMBO,0.0,100.0,0.0,0.301,0
01KL07,"loc, Maritiem Coll IJmuiden",VELSEN,VMBO,0.0,100.0,0.0,0.301,0
01KL08,locatie ISK Haarlem,HAARLEM,VMBO,0.0,27.27,0.0,0.1047,0
01KL09,Maritieme Academie Harlingen,HARLINGEN,VMBO,0.0,100.0,0.0,0.301,0
01KL10,Wim Gertenbach Coll Zandvoort,ZANDVOORT,VMBO,0.0,15.17,0.0,0.0613,0
01KL14,loc Tender Coll IJmuiden,VELSEN,VMBO,0.0,0.0,0.0,0.0,0
01LZ00,SGM Eerste Chr Lyc VWO,HAARLEM,HAVO/VWO,48.79,43.99,0.1726,0.1583,494
01MB00,RK Alfrink College SGM,ZOETERMEER,HAVO/VWO,48.79,51.8,0.1726,0.1813,505
01MO00,Atheneum Trevianum,SITTARD-GELEEN,HAVO/VWO,91.51,44.28,0.2822,0.1592,0
01MU00,De Meerwaarde,BARNEVELD,VMBO,0.0,31.67,0.0,0.1195,0
01NJ01,"Terra, Winsum VO",HET HOGELAND,VMBO,0.0,0.0,0.0,0.0,0
01NJ02,"Terra, Oldekerk VO",WESTERKWARTIER,VMBO,0.0,0.0,0.0,0.0,0
01NJ08,"Terra, Assen VO",ASSEN,VMBO,0.0,0.0,0.0,0.0,0
01NJ09,"Terra, Eelde VO",TYNAARLO,VMBO,0.0,0.0,0.0,0.0,0
01NJ10,"Terra, Emmen VO",EMMEN,VMBO,0.0,0.0,0.0,0.0,0
01NJ12,"Terra, Wolvega VO",WESTSTELLINGWERF,VMBO,0.0,0.0,0.0,0.0,0
01NJ15,AOC Terra,MEPPEL,VMBO,0.0,0.0,0.0,0.0,0
01NZ00,Griftland College,SOEST,HAVO/VWO,23.27,24.68,0.0909,0.0958,584
01OE03,Yuverta,OEGSTGEEST,VMBO,0.0,0.0,0.0,0.0,0
01OE04,Wellantcollege,GORINCHEM,VMBO,0.0,0.0,0.0,0.0,0
01OE05,Yuverta,HOEKSCHE WAARD,VMBO,0.0,0.0,0.0,0.0,0
01OE06,Yuverta,'S-GRAVENHAGE,VMBO,0.0,0.0,0.0,0.0,0
01OE07,Yuverta,'S-GRAVENHAGE,VMBO,0.0,0.0,0.0,0.0,0
01OE12,Yuverta,DORDRECHT,VMBO,0.0,2.4,0.0,0.0103,0
01OE13,Yuverta,VOORNE AAN ZEE,VMBO,0.0,0.0,0.0,0.0,0
01OE16,Yuverta,AMERSFOORT,VMBO,0.0,0.62,0.0,0.0027,0
01OE17,Yuverta,MONTFOORT,VMBO,0.0,0.0,0.0,0.0,0
01OE18,Yuverta,UTRECHT,VMBO,0.0,0.0,0.0,0.0,0
01OE21,Yuverta,AALSMEER,VMBO,0.0,0.0,0.0,0.0,0
01OE22,Yuverta,AMSTERDAM,VMBO,0.0,0.0,0.0,0.0,0
01OE23,Yuverta,AMSTERDAM,VMBO,0.0,0.0,0.0,0.0,0
01OE25,Yuverta,GOOISE MEREN,VMBO,0.0,0.0,0.0,0.0,0
01OE26,Yuverta,AALSMEER,VMBO,0.0,10.13,0.0,0.0419,0
01OE27,Yuverta,ALPHEN AAN DEN RIJN,VMBO,0.0,0.0,0.0,0.0,0
01OE28,Yuverta,GOUDA,VMBO,0.0,0.0,0.0,0.0,0
01OE30,Yuverta,ALPHEN AAN DEN RIJN,VMBO,0.0,0.0,0.0,0.0,0
01OE32,Yuverta,MOLENLANDEN,VMBO,0.0,0.0,0.0,0.0,0
01OE33,Yuverta,KATWIJK,VMBO,0.0,0.0,0.0,0.0,0
01OE37,Yuverta,HOUTEN,VMBO,0.0,0.0,0.0,0.0,0
01OE49,Yuverta,NEDER-BETUWE,VMBO,0.0,0.0,0.0,0.0,0
01OE50,Yuverta,NIJMEGEN,VMBO,0.0,0.0,0.0,0.0,0
01OE51,Yuverta,'S-HERTOGENBOSCH,VMBO,0.0,0.0,0.0,0.0,0
01OE54,Yuverta,EINDHOVEN,VMBO,0.0,0.0,0.0,0.0,0
01OE57,Yuverta,HORST AAN DE MAAS,VMBO,0.0,0.0,0.0,0.0,0
01OE58,Yuverta,ROERMOND,VMBO,0.0,6.06,0.0,0.0256,0
01OE59,Yuverta,HEERLEN,VMBO,0.0,0.0,0.0,0.0,0
01OE60,Yuverta,NEDERWEERT,VMBO,0.0,21.32,0.0,0.0839,0
01RL00,Jacobus Fruijtier SGM,APELDOORN,HAVO/VWO,20.33,18.17,0.0804,0.0725,413
01RL01,Jacobus Fruijtier SGM,RIJSSEN-HOLTEN,HAVO/VWO,0.0,15.97,0.0,0.0643,212
01RL02,Jacobus Fruijtier SGM,APELDOORN,VMBO,0.0,6.62,0.0,0.0278,0
01TC00,Hervormd Lyceum West,AMSTERDAM,HAVO/VWO,11.68,16.26,0.048,0.0654,293
01UH00,Maartenscollege,GRONINGEN,HAVO/VWO,23.55,28.81,0.0918,0.11,275
01VJ00,Etty Hillesum Lyceum,DEVENTER,VMBO,0.0,17.8,0.0,0.0711,0
01VJ03,Etty Hillesum Lyceum,DEVENTER,VMBO,0.0,0.0,0.0,0.0,0
01VJ04,Etty Hillesum Lyceum,DEVENTER,HAVO/VWO,35.78,48.97,0.1329,0.1731,1588
01VJ05,Etty Hillesum Lyceum,DEVENTER,VMBO,0.0,18.94,0.0,0.0753,0
01VN00,Canisius College,NIJMEGEN,HAVO/VWO,41.33,35.22,0.1502,0.131,406
01VN04,Het Rijks VMBO Campus,NIJMEGEN,VMBO,0.0,12.85,0.0,0.0525,0
01VN09,Het Rijks VMBO Campus,NIJMEGEN,VMBO,0.0,66.67,0.0,0.2218,0
01VN10,Het Rijks VMBO Campus,NIJMEGEN,VMBO,0.0,100.0,0.0,0.301,0
01WM00,Burg Harmsma SGM,OPSTERLAND,VMBO,0.0,28.22,0.0,0.108,0
01XF00,Willem Blaeu,ALKMAAR,HAVO/VWO,23.1,30.33,0.0903,0.115,279
01XF01,Willem Blaeu - Van der Meij,ALKMAAR,VMBO,0.0,52.35,0.0,0.1828,0
01XL00,Strabrechtcollege,GELDROP-MIERLO,HAVO/VWO,16.92,26.26,0.0679,0.1013,405
01XN00,Almere College,KAMPEN,HAVO/VWO,13.57,23.44,0.0553,0.0915,161
01XN01,Almere College,DRONTEN,HAVO/VWO,21.25,25.88,0.0837,0.1,378
01XN02,Almere College,KAMPEN,VMBO,0.0,34.46,0.0,0.1286,0
01XN09,Almere College,DRONTEN,VMBO,0.0,34.53,0.0,0.1288,0
02AN00,Fons Vitae Lyceum,AMSTERDAM,HAVO/VWO,49.3,42.76,0.1741,0.1546,325
02AP00,Het Amsterdams Lyceum,AMSTERDAM,HAVO/VWO,92.86,48.18,0.2852,0.1708,0
02AR00,Het Hervormd Lyc Zuid,AMSTERDAM,HAVO/VWO,43.92,27.95,0.1581,0.107,320
02CI00,Insula College,DORDRECHT,HAVO/VWO,25.18,36.06,0.0975,0.1337,604
02CI01,Insula College,DORDRECHT,VMBO,0.0,34.96,0.0,0.1302,0
02CI02,Insula College,DORDRECHT,VMBO,0.0,13.59,0.0,0.0554,0
02CR00,Willem Lodewijkgymnasium,GRONINGEN,HAVO/VWO,94.46,54.94,0.2888,0.1902,0
02DC00,Corlaer College,NIJKERK,VMBO,0.0,25.89,0.0,0.1,0
02DC03,Corlaer College,NIJKERK,HAVO/VWO,32.93,36.9,0.1236,0.1364,527
02DF00,Grotiuscollege,HEERLEN,HAVO/VWO,18.45,21.98,0.0735,0.0863,230
02DF01,Grotiuscollege,HEERLEN,VMBO,0.0,14.29,0.0,0.058,0
02DO00,PC SGM Het Noordik,ALMELO,HAVO/VWO,30.65,44.65,0.1161,0.1603,701
02DO01,PC SGM Het Noordik,ALMELO,VMBO,0.0,22.3,0.0,0.0874,0
02DO02,PC SGM Het Noordik,TWENTERAND,VMBO,0.0,9.74,0.0,0.0404,0
02DO03,PC SGM Het Noordik,TWENTERAND,VMBO,0.0,42.17,0.0,0.1528,0
02DQ00,Chr Gymnasium Sorghvliet,'S-GRAVENHAGE,HAVO/VWO,97.19,58.82,0.2949,0.2009,0
02DW00,Gymnasium Bernrode,BERNHEZE,HAVO/VWO,92.07,56.95,0.2834,0.1958,0
02DZ00,Stanislascollege Westplantsoen,DELFT,HAVO/VWO,60.75,54.04,0.2062,0.1876,412
02DZ02,Stanislas vmbo/mavo Delft,DELFT,VMBO,0.0,32.07,0.0,0.1208,0
02DZ04,Stanislas Dalton Delft,DELFT,HAVO/VWO,0.0,8.34,0.0,0.0348,274
02EA00,Scholengroep Driestar-Wartburg,GOUDA,HAVO/VWO,18.57,19.63,0.074,0.0778,706
02EA02,Driestar-Wartburg Lekkerkerk,KRIMPENERWAARD,VMBO,0.0,21.88,0.0,0.0859,0
02EA03,Driestar-Wartburg Leiden,LEIDEN,HAVO/VWO,0.0,9.97,0.0,0.0413,48
02EA05,Driestar-Wartburg Gouda,GOUDA,VMBO,0.0,40.24,0.0,0.1469,0
02EA06,Driestar Gouda Zèta,GOUDA,HAVO/VWO,41.11,31.36,0.1496,0.1185,141
02EA07,Driestar Gouda,GOUDA,VMBO,0.0,25.74,0.0,0.0995,0
02EA08,Driestar Gouda Delta,GOUDA,VMBO,0.0,36.36,0.0,0.1347,0
02EB00,Chr SGM Vincent van Gogh,ASSEN,HAVO/VWO,35.62,47.64,0.1323,0.1692,641
02EB04,Chr SGM Vincent van Gogh,ASSEN,VMBO,0.0,9.07,0.0,0.0377,0
02EB07,Chr SGM Vincent van Gogh,MIDDEN-DRENTHE,VMBO,0.0,8.07,0.0,0.0337,0
02EK00,Pius X College,ALMELO,HAVO/VWO,26.15,42.38,0.1009,0.1535,320
02EK01,Pius X College,ALMELO,VMBO,0.0,56.32,0.0,0.194,0
02EK02,Pius X College,RIJSSEN-HOLTEN,VMBO,0.0,16.86,0.0,0.0677,0
02EV00,W De Zwijgercoll Chr SGM,GOOISE MEREN,HAVO/VWO,50.68,34.65,0.178,0.1292,198
02EX00,"loc, Morgen College",HARDERWIJK,VMBO,0.0,37.3,0.0,0.1377,0
02EX05,"loc, Morgen College",HARDERWIJK,VMBO,0.0,17.58,0.0,0.0703,0
02FB00,CCNV,HARDERWIJK,HAVO/VWO,47.16,43.9,0.1678,0.1581,503
02FC00,PC College Ulenhof,DOETINCHEM,HAVO/VWO,27.38,30.36,0.1051,0.1151,143
02FC04,Kompaan College Het Hoge,BRONCKHORST,VMBO,0.0,6.06,0.0,0.0256,0
02FC07,Kompaan College Nieuwstad,BRONCKHORST,VMBO,0.0,18.64,0.0,0.0742,0
02FY00,OMO Scholengr. Bergen op Zoom,BERGEN OP ZOOM,HAVO/VWO,38.17,40.39,0.1404,0.1474,275
02FY01,OMO Scholengr. Bergen op Zoom,WOENSDRECHT,VMBO,0.0,34.01,0.0,0.1271,0
02FY02,OMO Scholengr. Bergen op Zoom,STEENBERGEN,VMBO,0.0,30.14,0.0,0.1144,0
02FY07,OMO Scholengr. Bergen op Zoom,BERGEN OP ZOOM,HAVO/VWO,92.5,62.22,0.2844,0.2101,0
02GF00,Mgr Frencken College,OOSTERHOUT,HAVO/VWO,24.85,34.93,0.0964,0.1301,747
02GJ00,Chr College De Populier,'S-GRAVENHAGE,HAVO/VWO,30.46,45.83,0.1155,0.1639,562
02GJ01,Chr College De Populier,'S-GRAVENHAGE,VMBO,0.0,14.66,0.0,0.0594,0
02GN00,SGM Kennemer Lyceum,BLOEMENDAAL,HAVO/VWO,43.77,38.45,0.1577,0.1413,319
02GP00,Het Rijnlands Lyceum Wassenaar,WASSENAAR,HAVO/VWO,65.73,45.82,0.2194,0.1638,133
02GP04,Het Rijnlands Lyceum,'S-GRAVENHAGE,HAVO/VWO,40.0,29.76,0.1461,0.1131,66
02GS00,SGM Montessori Lyc Rdam,ROTTERDAM,HAVO/VWO,52.69,31.03,0.1838,0.1174,359
02HI00,Curio vmbo,BERGEN OP ZOOM,VMBO,0.0,6.45,0.0,0.0272,0
02HI06,Curio pomona,BERGEN OP ZOOM,VMBO,0.0,40.03,0.0,0.1462,0
02IB00,DaCapo College loc Havikstraat,SITTARD-GELEEN,VMBO,0.0,32.12,0.0,0.121,0
02IB07,DaCapo College Milaanstraat,SITTARD-GELEEN,VMBO,0.0,0.0,0.0,0.0,0
02IC00,RGO Beroepscampus,GOEREE-OVERFLAKKEE,VMBO,0.0,52.47,0.0,0.1832,0
02IC01,RGO Beroepscampus,GOEREE-OVERFLAKKEE,VMBO,0.0,0.0,0.0,0.0,0
02JG00,Emelwerda College,NOORDOOSTPOLDER,HAVO/VWO,29.47,41.08,0.1122,0.1495,512
02JG04,Emelwerda College,NOORDOOSTPOLDER,VMBO,0.0,46.25,0.0,0.1651,0
02JG05,Emelwerda College,NOORDOOSTPOLDER,VMBO,0.0,16.19,0.0,0.0652,0
02KB00,Teylingen College,TEYLINGEN,VMBO,0.0,47.66,0.0,0.1693,0
02KB01,Teylingen College,NOORDWIJK,HAVO/VWO,30.71,34.03,0.1163,0.1272,539
02KB02,Teylingen College,OEGSTGEEST,VMBO,0.0,12.22,0.0,0.0501,0
02KM00,Haarlem College,HAARLEM,VMBO,0.0,18.2,0.0,0.0726,0
02KR00,St Bonifatius Mavo,NOORDOOSTPOLDER,VMBO,0.0,17.77,0.0,0.071,0
02LB00,SNZ,ROTTERDAM,VMBO,0.0,37.28,0.0,0.1376,0
02LB08,Nieuw Zuid OSG,ROTTERDAM,HAVO/VWO,16.88,25.3,0.0677,0.098,208
02LG00,Carmelcollege Gouda,GOUDA,VMBO,0.0,15.75,0.0,0.0635,0
02LG06,Loc. Antoniuscollege Gouda,GOUDA,HAVO/VWO,40.07,51.73,0.1464,0.1811,379
02ME00,Tabor College,HOORN,VMBO,0.0,31.82,0.0,0.12,0
02ME01,Tabor College loc Werenfridus,HOORN,HAVO/VWO,48.47,45.15,0.1716,0.1618,481
02ME02,Tabor College loc Oscar Romero,HOORN,HAVO/VWO,15.16,24.98,0.0613,0.0968,595
02MF00,Het Perron,VEENENDAAL,VMBO,0.0,33.39,0.0,0.1251,0
02MU00,St Maartenscollege SGM,LEIDSCHENDAM-VOORBURG,HAVO/VWO,32.25,31.08,0.1214,0.1176,426
02NZ00,Houtkamp College,DOETINCHEM,HAVO/VWO,7.44,75.3,0.0312,0.2438,149
02NZ01,Metzo College,DOETINCHEM,VMBO,0.0,32.99,0.0,0.1238,0
02NZ09,Ludger College/Ulenhofcollege,DOETINCHEM,HAVO/VWO,26.91,31.64,0.1035,0.1194,570
02NZ11,Houtkamp loc. Kruisbergsewerg,DOETINCHEM,HAVO/VWO,14.45,18.74,0.0586,0.0746,315
02NZ12,Kompaan College Het Hoge,BRONCKHORST,VMBO,0.0,0.0,0.0,0.0,0
02NZ13,Kompaan College Nieuwstad,BRONCKHORST,VMBO,0.0,13.46,0.0,0.0549,0
02PA00,Mediacollege Amsterdam Ma,AMSTERDAM,VMBO,0.0,100.0,0.0,0.301,0
02QN00,RK SGM Marianum,OOST GELRE,HAVO/VWO,23.7,30.11,0.0924,0.1143,505
02QN02,RK SGM Marianum,OOST GELRE,VMBO,0.0,21.31,0.0,0.0839,0
02QO00,Sint Oelbert Gymnasium,OOSTERHOUT,HAVO/VWO,84.08,49.41,0.265,0.1744,0
02QP00,St Willibrord Gymnasium,DEURNE,HAVO/VWO,88.02,47.94,0.2742,0.1701,0
02QQ00,Notre Dame Des Anges,BERG EN DAL,HAVO/VWO,0.0,42.08,0.0,0.1525,428
02QT00,Maurick College,VUGHT,HAVO/VWO,26.94,22.99,0.1036,0.0899,721
02QX00,Petrus Canisius College,ALKMAAR,HAVO/VWO,36.91,38.0,0.1364,0.1399,713
02QX01,Petrus Canisius College,ALKMAAR,VMBO,0.0,19.26,0.0,0.0765,0
02QX03,Petrus Canisius College,ALKMAAR,VMBO,0.0,45.87,0.0,0.164,0
02QZ00,Keizer Karel College,AMSTELVEEN,HAVO/VWO,62.86,43.55,0.2118,0.157,410
02RA00,KSGM Veluws College,APELDOORN,HAVO/VWO,33.15,37.81,0.1243,0.1393,875
02RA01,KSGM Veluws College,APELDOORN,VMBO,0.0,21.85,0.0,0.0858,0
02RA02,KSGM Veluws College,APELDOORN,VMBO,0.0,9.95,0.0,0.0412,0
02RA03,KSGM Veluws College,VOORST,VMBO,0.0,15.21,0.0,0.0615,0
02RM00,Beukenrode Onderwijs,UTRECHTSE HEUVELRUG,VMBO,0.0,24.33,0.0,0.0946,0
02SB00,Lyceum Sancta Maria,HAARLEM,HAVO/VWO,47.06,37.6,0.1675,0.1386,559
02ST00,Kandinsky College,NIJMEGEN,HAVO/VWO,32.89,35.67,0.1235,0.1325,489
02ST03,Kandinsky College,NIJMEGEN,VMBO,0.0,0.0,0.0,0.0,0
02ST04,Kandinsky College,MOOK EN MIDDELAAR,VMBO,0.0,0.0,0.0,0.0,0
02ST05,Jorismavo,NIJMEGEN,VMBO,0.0,21.34,0.0,0.084,0
02SY00,SGM Vwo Dorenweerd Coll,RENKUM,HAVO/VWO,32.57,35.02,0.1225,0.1304,419
02TC00,Christiaan Huygens Coll,EINDHOVEN,HAVO/VWO,51.33,43.77,0.1799,0.1577,352
02TC03,locatie Olympia,EINDHOVEN,VMBO,0.0,3.77,0.0,0.0161,0
02TC04,loc. Frits Philips lyceum-mavo,EINDHOVEN,HAVO/VWO,21.54,26.49,0.0847,0.1021,475
02TD00,Jan Arentsz Chr SGM,ALKMAAR,HAVO/VWO,23.34,29.56,0.0911,0.1125,614
02TD03,CSG Jan Arentsz - Van der Meij,ALKMAAR,VMBO,0.0,0.0,0.0,0.0,0
02TD04,Jan Arentsz Chr SGM,DIJK EN WAARD,VMBO,0.0,17.53,0.0,0.0701,0
02TE00,H Wesselink College,AMSTELVEEN,HAVO/VWO,35.7,35.75,0.1326,0.1327,628
02TG00,Het Baarnsch Lyceum,BAARN,HAVO/VWO,50.49,38.49,0.1775,0.1414,388
02TH00,Jordan MLU,ZEIST,HAVO/VWO,59.43,44.83,0.2026,0.1609,255
02TZ00,RK SGM St Michaelcollege,ZAANSTAD,HAVO/VWO,45.94,48.33,0.1642,0.1712,525
02UB00,St Vituscollege,GOOISE MEREN,HAVO/VWO,45.72,35.42,0.1635,0.1317,535
02UC00,Atheneum Coll Hageveld,HEEMSTEDE,HAVO/VWO,95.89,51.83,0.292,0.1814,0
02UE00,SGM St Bonifatius Coll,UTRECHT,HAVO/VWO,60.98,43.83,0.2068,0.1579,364
02UG00,Laurens Lyceum,ROTTERDAM,HAVO/VWO,34.55,41.1,0.1289,0.1495,412
02UP00,Marnix College,EDE,HAVO/VWO,33.92,37.3,0.1268,0.1377,397
02US00,SGM Haags Montessori Lyc,'S-GRAVENHAGE,HAVO/VWO,46.79,38.58,0.1667,0.1417,386
02US04,SGM Haags Montessori Lyc,'S-GRAVENHAGE,VMBO,0.0,16.04,0.0,0.0646,0
02UT00,VCL,'S-GRAVENHAGE,HAVO/VWO,57.52,40.02,0.1973,0.1462,240
02UV00,Gomarus College,GRONINGEN,HAVO/VWO,40.17,36.54,0.1467,0.1353,679
02UV03,Gomarus College,SMALLINGERLAND,VMBO,0.0,8.61,0.0,0.0359,0
02UV04,Gomarus College,LEEUWARDEN,HAVO/VWO,0.0,13.37,0.0,0.0545,182
02UV05,Gomarus College,ASSEN,VMBO,0.0,13.46,0.0,0.0548,0
02UV17,Gomarus College,GRONINGEN,VMBO,0.0,33.31,0.0,0.1249,0
02UX00,Vechtdal College,HARDENBERG,HAVO/VWO,11.63,16.7,0.0478,0.0671,403
02UX01,Vechtdal College,HARDENBERG,VMBO,0.0,4.5,0.0,0.0191,0
02UX06,Vechtdal College,OMMEN,HAVO/VWO,13.68,20.53,0.0557,0.0811,433
02VA00,Roelof van Echten College,HOOGEVEEN,HAVO/VWO,36.81,43.24,0.1361,0.1561,355
02VA01,St. Roelof van Echten College,HOOGEVEEN,VMBO,0.0,14.46,0.0,0.0587,0
02VB00,Ichthus College,KAMPEN,HAVO/VWO,0.0,16.75,0.0,0.0672,439
02VB01,Ichthus College,KAMPEN,HAVO/VWO,91.56,42.79,0.2823,0.1547,0
02VB02,Ichthus College,DRONTEN,HAVO/VWO,16.11,25.95,0.0649,0.1002,240
02VB07,Ichthus College,KAMPEN,VMBO,0.0,36.01,0.0,0.1336,0
02VB16,Ichthus College,DRONTEN,VMBO,0.0,30.07,0.0,0.1142,0
02VC00,Comenius Chr SGM,LEEUWARDEN,HAVO/VWO,22.96,34.6,0.0898,0.1291,999
02VC02,Comenius Chr SGM,LEEUWARDEN,VMBO,0.0,22.11,0.0,0.0867,0
02VC03,Comenius Chr SGM,LEEUWARDEN,VMBO,0.0,11.36,0.0,0.0467,0
02VC09,Comenius Chr SGM,LEEUWARDEN,VMBO,0.0,10.12,0.0,0.0419,0
02VD00,Visser t Hooft Lyceum,LEIDEN,HAVO/VWO,38.03,48.56,0.14,0.1719,681
02VD02,Visser t Hooft Lyceum,LEIDEN,VMBO,0.0,0.0,0.0,0.0,0
02VD04,Visser t Hooft Lyceum,LEIDERDORP,VMBO,0.0,12.73,0.0,0.052,0
02VD05,Visser t Hooft Lyceum,KATWIJK,VMBO,0.0,6.67,0.0,0.0281,0
02VE00,NSG Groenewoud,NIJMEGEN,HAVO/VWO,29.34,31.74,0.1117,0.1197,597
02VG00,Unie Noord,ROTTERDAM,HAVO/VWO,34.49,43.4,0.1287,0.1565,274
02VG03,Unie Noord-Codarts Lyceum,ROTTERDAM,HAVO/VWO,29.98,3.14,0.1139,0.0134,129
02VG04,Unie Noord - Mavo Centraal,ROTTERDAM,VMBO,0.0,12.71,0.0,0.052,0
02VG05,Unie Noord- Experience College,ROTTERDAM,VMBO,0.0,49.26,0.0,0.174,0
02VG08,Unie Noord-locatie RDC,ROTTERDAM,VMBO,0.0,0.0,0.0,0.0,0
02VG11,Unie Noord- locatie HVR,ROTTERDAM,VMBO,0.0,0.0,0.0,0.0,0
02VG14,Unie Noord - Loc Montessori,ROTTERDAM,VMBO,0.0,16.18,0.0,0.0651,0
02VG15,Unie Noord- loc De TooropMavo,ROTTERDAM,VMBO,0.0,8.5,0.0,0.0354,0
02VG17,Unie Noord-MEX010,ROTTERDAM,VMBO,0.0,16.52,0.0,0.0664,0
02VG22,UN - locatie Lyceum Kralingen,ROTTERDAM,HAVO/VWO,31.47,67.87,0.1188,0.225,194
02VG25,Unie Noord - locatie VCH,ROTTERDAM,VMBO,0.0,16.37,0.0,0.0658,0
02VJ00,Ubbo Emmius,STADSKANAAL,HAVO/VWO,26.24,42.14,0.1012,0.1527,545
02VJ01,Ubbo Emmius,OLDAMBT,VMBO,0.0,1.94,0.0,0.0084,0
02VJ06,Ubbo Emmius,STADSKANAAL,VMBO,0.0,43.45,0.0,0.1567,0
02VJ07,Ubbo Emmius,STADSKANAAL,VMBO,0.0,43.07,0.0,0.1555,0
02VJ08,Ubbo Emmius,STADSKANAAL,VMBO,0.0,37.79,0.0,0.1392,0
02VM00,Christelijk Lyceum SGM,VEENENDAAL,HAVO/VWO,23.45,28.71,0.0915,0.1096,778
02VN00,Reg SGM Het Rhedens,ROZENDAAL,HAVO/VWO,49.51,50.94,0.1747,0.1788,215
02VN01,Reg SGM Het Rhedens,RHEDEN,HAVO/VWO,10.47,14.78,0.0432,0.0599,206
02VO00,Gymnasium Novum,LEIDSCHENDAM-VOORBURG,HAVO/VWO,93.75,60.47,0.2872,0.2054,0
02VQ00,ZAAM Zaanstad,ZAANSTAD,HAVO/VWO,27.61,34.71,0.1059,0.1294,490
02VQ01,Pascal Zuid,ZAANSTAD,VMBO,0.0,16.21,0.0,0.0653,0
02VR00,Christelijk Lyceum Zeist,ZEIST,HAVO/VWO,44.22,34.15,0.159,0.1276,295
02VR02,"loc, Christelijk lyceum zeist",ZEIST,VMBO,0.0,0.0,0.0,0.0,0
02VR04,"loc, Revius Lyceum Doorn",UTRECHTSE HEUVELRUG,HAVO/VWO,49.09,34.99,0.1734,0.1303,397
02VR05,"loc, Rev lyc wk bij duurstede",WIJK BIJ DUURSTEDE,HAVO/VWO,0.0,21.24,0.0,0.0837,302
02VR08,Christelijk Lyceum Zeist,ZEIST,VMBO,0.0,0.0,0.0,0.0,0
02VT00,Carolus Clusius College,ZWOLLE,HAVO/VWO,30.01,32.79,0.114,0.1232,539
02VT01,Agnieten College Zwartsluis,ZWARTEWATERLAND,VMBO,0.0,16.26,0.0,0.0654,0
02VT02,Talentstad Beroepscollege,ZWOLLE,VMBO,0.0,31.23,0.0,0.118,0
02VT04,Agnieten College Nieuwleusen,DALFSEN,VMBO,0.0,14.99,0.0,0.0607,0
02VT05,Meander College,ZWOLLE,HAVO/VWO,19.31,22.06,0.0767,0.0866,522
02VT06,Agnieten College Wezep,OLDEBROEK,VMBO,0.0,19.65,0.0,0.0779,0
02XE00,Chr School De Saad,DANTUMADIEL,VMBO,0.0,25.68,0.0,0.0993,0
02XJ00,Chr SGM Reggesteyn,HELLENDOORN,HAVO/VWO,22.27,32.91,0.0873,0.1236,727
02XJ01,Chr SGM Reggesteijn,HELLENDOORN,VMBO,0.0,20.15,0.0,0.0797,0
02XJ02,Chr SGM Reggesteijn,RIJSSEN-HOLTEN,VMBO,0.0,30.38,0.0,0.1152,0
02XJ05,Chr SGM Reggesteyn,RIJSSEN-HOLTEN,VMBO,0.0,100.0,0.0,0.301,0
02XQ00,Inspecteur Boelensschool,SCHIERMONNIKOOG,VMBO,0.0,0.0,0.0,0.0,0
02XS00,Altena College Chr SGM,ALTENA,HAVO/VWO,17.6,23.5,0.0704,0.0917,593
02YH00,MCA,BLOEMENDAAL,VMBO,0.0,6.59,0.0,0.0277,0
02ZC00,Gymn vh Bernardinuscoll,HEERLEN,HAVO/VWO,89.09,64.19,0.2767,0.2153,0
02ZR00,Het College,WEERT,HAVO/VWO,96.48,58.27,0.2933,0.1994,6
02ZR02,Het College loc. Bravo College,CRANENDONCK,VMBO,0.0,37.89,0.0,0.1395,0
02ZR03,Het College loc. Het Kwadrant,WEERT,VMBO,0.0,100.0,0.0,0.301,0
03AM00,Stedelijk Gymnasium,BREDA,HAVO/VWO,93.18,41.44,0.286,0.1506,0
03AQ00,Open Sgm Bylmer,AMSTERDAM,HAVO/VWO,7.7,11.55,0.0322,0.0475,426
03FO00,CVO 't Gooi,HILVERSUM,HAVO/VWO,37.66,30.98,0.1388,0.1172,508
03FO01,Hilfertsheem College,HILVERSUM,VMBO,0.0,29.33,0.0,0.1117,0
03FO02,PC Voortgezet Ond Groep,HILVERSUM,VMBO,0.0,17.37,0.0,0.0696,0
03FO04,Lucent College,HILVERSUM,VMBO,0.0,5.25,0.0,0.0222,0
03JY00,Calvijn College,GOES,HAVO/VWO,30.02,42.33,0.114,0.1533,764
03JY01,Calvijn College,MIDDELBURG,VMBO,0.0,37.1,0.0,0.137,0
03JY02,Calvijn College,REIMERSWAAL,VMBO,0.0,50.1,0.0,0.1764,0
03JY03,Calvijn College,THOLEN,VMBO,0.0,18.46,0.0,0.0736,0
03JY06,Calvijn College,REIMERSWAAL,VMBO,0.0,19.91,0.0,0.0788,0
03JY08,Calvijn College,GOES,VMBO,0.0,30.71,0.0,0.1163,0
03KN00,RK SGM Pius X,BLADEL,HAVO/VWO,11.66,14.18,0.0479,0.0576,411
03OY00,Niftarlake College,STICHTSE VECHT,HAVO/VWO,25.46,32.95,0.0985,0.1237,667
03RB00,Chr SGM Prins Maurits,GOEREE-OVERFLAKKEE,HAVO/VWO,13.51,17.93,0.055,0.0716,446
03RR00,Candea College,DUIVEN,HAVO/VWO,31.92,48.1,0.1203,0.1705,574
03RR04,Candea College VMBO en Mavo,DUIVEN,VMBO,0.0,17.91,0.0,0.0715,0
03RU00,Herbert Vissers College,HAARLEMMERMEER,HAVO/VWO,13.93,16.31,0.0566,0.0656,428
03RU02,Herbert Vissers College,HAARLEMMERMEER,VMBO,0.0,36.04,0.0,0.1337,0
03WO00,Van Lodensteincollege,AMERSFOORT,HAVO/VWO,40.35,32.63,0.1472,0.1226,575
03WO01,Van Lodensteincollege,NIJKERK,VMBO,0.0,39.39,0.0,0.1442,0
03WO02,Van Lodensteincollege,NEDER-BETUWE,HAVO/VWO,0.0,13.61,0.0,0.0554,354
03XF00,Mundium College,ROERMOND,HAVO/VWO,27.3,31.37,0.1048,0.1185,407
03XF03,Mundium Coll.- Havo Roermond,ROERMOND,VMBO,0.0,20.21,0.0,0.08,0
03XF04,Mundium College locatie Wings,ROERMOND,HAVO/VWO,7.82,11.17,0.0327,0.046,86
03XM00,Chr SGM Dingstede,MEPPEL,HAVO/VWO,29.11,34.88,0.111,0.13,456
03XS00,CSW Van de Perre,MIDDELBURG,HAVO/VWO,22.09,27.93,0.0867,0.107,567
03XS02,CSW Toorop Talent College,MIDDELBURG,VMBO,0.0,22.16,0.0,0.0869,0
03XS03,CSW Bestevaer,VLISSINGEN,VMBO,0.0,12.55,0.0,0.0513,0
04DF00,Ashram College,ALPHEN AAN DEN RIJN,HAVO/VWO,25.36,26.59,0.0982,0.1024,456
04DF01,Ashram College,NIEUWKOOP,VMBO,0.0,5.29,0.0,0.0224,0
04DS00,Gymnasium Trevianum,SITTARD-GELEEN,HAVO/VWO,95.19,67.26,0.2905,0.2234,0
04GU00,Elde College Schijndel,MEIERIJSTAD,HAVO/VWO,13.43,12.13,0.0547,0.0497,431
04GU03,Elde College Schijndel,SINT-MICHIELSGESTEL,VMBO,0.0,20.9,0.0,0.0824,0
04HR00,Openbare SGM Erasmus,ALMELO,HAVO/VWO,21.6,33.69,0.0849,0.1261,565
04HR04,Openbare SGM Erasmus,ALMELO,VMBO,0.0,23.4,0.0,0.0913,0
04IX00,Kalsbeek College,WOERDEN,HAVO/VWO,21.68,27.93,0.0852,0.107,630
04IX01,Kalsbeek College,WOERDEN,VMBO,0.0,20.18,0.0,0.0798,0
04OY00,Carmel College Salland,RAALTE,VMBO,0.0,0.38,0.0,0.0017,0
04OY02,Carmel College Salland,RAALTE,HAVO/VWO,35.54,46.67,0.1321,0.1663,683
04SU00,Voortgezet Onderwijs Veghel,MEIERIJSTAD,HAVO/VWO,31.59,47.23,0.1192,0.168,729
04SU02,Fioretti College,MEIERIJSTAD,VMBO,0.0,34.04,0.0,0.1272,0
04XU00,Baanderherencollege Vmbo,BOXTEL,VMBO,0.0,31.98,0.0,0.1205,0
04YE00,Opb SGM Singelland,SMALLINGERLAND,VMBO,0.0,21.74,0.0,0.0854,0
04YE01,Opb SGM Singelland,TYTSJERKSTERADIEL,VMBO,0.0,17.65,0.0,0.0706,0
04YE02,Opb SGM Singelland,ACHTKARSPELEN,VMBO,0.0,23.89,0.0,0.093,0
04YE03,Opb SGM Singelland,SMALLINGERLAND,HAVO/VWO,32.31,36.23,0.1216,0.1343,659
04YE11,Opb SGM Singelland,TYTSJERKSTERADIEL,HAVO/VWO,0.0,45.12,0.0,0.1617,109
04YK00,Harreveld locatie Prisma,OOST GELRE,VMBO,0.0,0.0,0.0,0.0,0
04YX00,Munnikenheide College,ETTEN-LEUR,VMBO,0.0,39.77,0.0,0.1454,0
04YX02,Munnikenheide College,RUCPHEN,VMBO,0.0,46.07,0.0,0.1646,0
05AC00,Kei College,HEERENVEEN,VMBO,0.0,63.32,0.0,0.213,0
05AV00,Twents Carmel College,OLDENZAAL,VMBO,0.0,31.22,0.0,0.118,0
05AV01,Twents Carmel College,OLDENZAAL,HAVO/VWO,29.72,53.82,0.113,0.187,292
05AV02,Twents Carmel College,OLDENZAAL,HAVO/VWO,32.8,46.55,0.1232,0.166,1047
05AV03,Twents Carmel College,LOSSER,VMBO,0.0,21.26,0.0,0.0837,0
05AX00,SGM De Overlaat,WAALWIJK,VMBO,0.0,39.91,0.0,0.1458,0
05EA14,STC,ROTTERDAM,VMBO,0.0,100.0,0.0,0.301,0
05EA16,STC,ROTTERDAM,VMBO,0.0,100.0,0.0,0.301,0
05FB00,Het Assink lyceum,HAAKSBERGEN,HAVO/VWO,34.05,35.28,0.1273,0.1312,593
05FB07,Het Assink lyceum,HAAKSBERGEN,VMBO,0.0,0.34,0.0,0.0015,0
05FB08,Het Assink lyceum,BERKELLAND,VMBO,0.0,21.27,0.0,0.0837,0
05FE00,RK SGM Thamen,UITHOORN,VMBO,0.0,32.66,0.0,0.1227,0
05FF00,Olympuscollege,ARNHEM,HAVO/VWO,13.41,20.89,0.0547,0.0824,350
05FJ00,Emmacollege,HEERLEN,VMBO,0.0,19.58,0.0,0.0776,0
05FJ01,Emmacollege locatie Broekland,HEERLEN,VMBO,0.0,12.66,0.0,0.0518,0
05FJ11,TCPL,HEERLEN,VMBO,0.0,100.0,0.0,0.301,0
05OH00,Ostrea Lyceum,GOES,VMBO,0.0,0.0,0.0,0.0,0
05OH03,Ostrea Lyceum,GOES,HAVO/VWO,33.71,39.83,0.1261,0.1456,542
05OH07,Ostrea Lyceum,GOES,VMBO,0.0,13.99,0.0,0.0569,0
05PL00,Ds. Pierson College,'S-HERTOGENBOSCH,HAVO/VWO,22.21,27.25,0.0871,0.1046,611
05RA00,Veenlanden College,DE RONDE VENEN,HAVO/VWO,24.22,27.76,0.0942,0.1064,616
05RA01,Veenlanden College,DE RONDE VENEN,VMBO,0.0,6.98,0.0,0.0293,0
05TA00,CSG Willem De Zwijger,KRIMPENERWAARD,HAVO/VWO,21.0,28.53,0.0828,0.109,354
05XJ00,Het Lyceum Rotterdam,ROTTERDAM,HAVO/VWO,42.72,48.42,0.1545,0.1715,319
06HF00,Udens College,MAASHORST,HAVO/VWO,34.31,35.23,0.1281,0.1311,747
06HF02,Udens College,MAASHORST,VMBO,0.0,25.07,0.0,0.0972,0
06SU00,Ichthus College,VEENENDAAL,HAVO/VWO,22.53,27.32,0.0882,0.1049,844
06WY00,Grienden College,SLIEDRECHT,VMBO,0.0,34.53,0.0,0.1288,0
06XL00,Markland College Oudenbosch,HALDERBERGE,HAVO/VWO,11.4,15.43,0.0469,0.0623,282
07BQ00,HAVO Trevianum,SITTARD-GELEEN,HAVO/VWO,0.0,35.68,0.0,0.1325,1125
07FH00,Mendel College,HAARLEM,HAVO/VWO,35.94,36.91,0.1333,0.1364,661
07KP00,NXT Maarsbergen,UTRECHTSE HEUVELRUG,VMBO,0.0,65.48,0.0,0.2188,0
07MU00,Rodenborch-College,'S-HERTOGENBOSCH,HAVO/VWO,26.6,28.2,0.1024,0.1079,683
07PK00,Arentheem College,ARNHEM,HAVO/VWO,48.38,45.34,0.1714,0.1624,620
07PK05,Arentheem College,ARNHEM,VMBO,0.0,40.26,0.0,0.1469,0
07PK07,Arentheem College,RHEDEN,HAVO/VWO,0.0,0.0,0.0,0.0,142
08CU00,Emmauscollege,ROTTERDAM,HAVO/VWO,44.55,36.26,0.16,0.1344,598
08LP00,Isendoorn College,ZUTPHEN,HAVO/VWO,32.51,34.11,0.1223,0.1275,643
08LP01,Isendoorn College,ZUTPHEN,VMBO,0.0,14.49,0.0,0.0588,0
08SG00,CVO Apeldoorn,APELDOORN,HAVO/VWO,16.41,23.42,0.066,0.0914,467
08SG01,UDO vakgericht vmbo,APELDOORN,VMBO,0.0,32.0,0.0,0.1206,0
08SG06,CVO Apeldoorn,APELDOORN,HAVO/VWO,27.82,27.97,0.1066,0.1071,543
08VU00,Chr SGM Willem v Oranje,HOEKSCHE WAARD,HAVO/VWO,38.98,40.98,0.1429,0.1492,571
08VU02,Chr SGM Willem v Oranje,HOEKSCHE WAARD,VMBO,0.0,13.99,0.0,0.0569,0
09VG00,Reeshof College,TILBURG,VMBO,0.0,0.0,0.0,0.0,0
10AN03,Scala College,ALPHEN AAN DEN RIJN,HAVO/VWO,0.0,19.49,0.0,0.0773,798
10AN04,Scala College,ALPHEN AAN DEN RIJN,HAVO/VWO,92.83,53.53,0.2852,0.1862,0
10LU00,RSG 't Rijks,BERGEN OP ZOOM,HAVO/VWO,17.29,25.08,0.0693,0.0972,938
11NY00,Reg Sgm Broklede,STICHTSE VECHT,HAVO/VWO,46.21,39.26,0.165,0.1438,518
11ZH00,Maerlant,VOORNE AAN ZEE,HAVO/VWO,14.71,15.04,0.0596,0.0608,298
12IR00,Sgm de Nieuwe Veste,COEVORDEN,HAVO/VWO,15.85,16.31,0.0639,0.0656,310
12IR05,Sgm de Nieuwe Veste,HARDENBERG,HAVO/VWO,0.0,15.95,0.0,0.0643,143
12RB00,Scholengemeenschap Helinium,VOORNE AAN ZEE,HAVO/VWO,16.59,21.56,0.0667,0.0848,347
12VI01,Nordwin College,ACHTKARSPELEN,VMBO,0.0,0.0,0.0,0.0,0
12VI02,Nordwin College,SÚDWEST-FRYSLÂN,VMBO,0.0,0.0,0.0,0.0,0
12VI08,Nordwin College,HEERENVEEN,VMBO,0.0,0.0,0.0,0.0,0
12VI13,Nordwin College,LEEUWARDEN,VMBO,0.0,0.0,0.0,0.0,0
13EE00,Regionale Sgm Enkhuizen,ENKHUIZEN,HAVO/VWO,16.32,28.37,0.0657,0.1085,567
13JO00,Rsgm Noord Oost Veluwe,EPE,HAVO/VWO,9.88,11.32,0.0409,0.0466,198
13OR00,Pontes,GOES,HAVO/VWO,20.93,23.81,0.0825,0.0928,554
13OR01,"Locatie, Het Goese Lyceum",GOES,VMBO,0.0,38.69,0.0,0.142,0
13OR03,"locatie, Pieter Zeeman",SCHOUWEN-DUIVELAND,HAVO/VWO,13.07,21.74,0.0534,0.0854,228
13PE00,Varendonck College,ASTEN,HAVO/VWO,35.58,43.92,0.1322,0.1581,493
13PE01,Varendonck College,SOMEREN,VMBO,0.0,30.09,0.0,0.1142,0
13WH00,De Goudse SGM Leo Vroman,GOUDA,HAVO/VWO,22.94,34.3,0.0897,0.1281,544
13ZU00,Reitdiepcollege,GRONINGEN,HAVO/VWO,18.29,27.98,0.073,0.1071,477
14DC00,RSG Simon Vestdijk,HARLINGEN,HAVO/VWO,20.88,23.92,0.0824,0.0931,369
14DC02,RSG Simon Vestdijk,WAADHOEKE,VMBO,0.0,3.93,0.0,0.0167,0
14DC06,"VMBO ""De Jutter"" Vlieland",VLIELAND,VMBO,0.0,42.59,0.0,0.1541,0
14FW00,OSG Sevenwolden,HEERENVEEN,HAVO/VWO,31.73,33.95,0.1197,0.127,770
14FW01,OPB SGM Sevenwolden,HEERENVEEN,VMBO,0.0,13.37,0.0,0.0545,0
14FW02,OPB SGM Sevenwolden,HEERENVEEN,VMBO,0.0,20.19,0.0,0.0799,0
14FW04,OPB SGM Sevenwolden,DE FRYSKE MARREN,VMBO,0.0,13.66,0.0,0.0556,0
14FW05,OPB SGM Sevenwolden,LEEUWARDEN,VMBO,0.0,17.19,0.0,0.0689,0
14LF00,J v Br College vest Molenstr,HELMOND,HAVO/VWO,20.51,30.33,0.081,0.115,390
14NQ00,Dominicus,NIJMEGEN,HAVO/VWO,52.59,48.26,0.1835,0.171,277
14NS00,Chr Sgm A.M.van Schurman,WAADHOEKE,HAVO/VWO,0.0,12.45,0.0,0.051,350
14OY00,Gerrit Rietveld College,UTRECHT,HAVO/VWO,34.35,32.97,0.1282,0.1238,367
14PG00,Mariëndael,ARNHEM,HAVO/VWO,0.0,21.58,0.0,0.0849,59
14PS00,Bisschop Coll Broekhin,ROERMOND,HAVO/VWO,22.92,27.36,0.0896,0.105,556
14PS03,Grescollege,BEESEL,VMBO,0.0,22.07,0.0,0.0866,0
14QT00,Marnix Gymnasium,ROTTERDAM,HAVO/VWO,89.55,54.01,0.2777,0.1875,0
14RC00,Meerscholen,AMERSFOORT,HAVO/VWO,27.5,32.34,0.1055,0.1217,528
14RC03,Oostwende College,BUNSCHOTEN,HAVO/VWO,0.0,0.0,0.0,0.0,87
14RC04,Corderius College,AMERSFOORT,HAVO/VWO,27.94,29.45,0.107,0.1121,599
14RC06,"locatie, Het Element Kaliumweg",AMERSFOORT,VMBO,0.0,56.96,0.0,0.1958,0
14RC14,Meerscholen,AMERSFOORT,VMBO,0.0,0.0,0.0,0.0,0
14RF00,ZAAM Oost,AMSTERDAM,HAVO/VWO,39.47,33.57,0.1445,0.1257,367
14RF03,College De Meer (Lavoisierstr),AMSTERDAM,VMBO,0.0,0.0,0.0,0.0,0
14RF04,Bindelmeer College,AMSTERDAM,VMBO,0.0,0.0,0.0,0.0,0
14RF06,Cygnus Gymnasium,AMSTERDAM,HAVO/VWO,95.69,55.63,0.2916,0.1921,0
14RF08,Havo de Hof,AMSTERDAM,HAVO/VWO,0.0,37.84,0.0,0.1394,302
14RL00,VOvA (2),AMSTERDAM,VMBO,0.0,24.76,0.0,0.0961,0
14RL03,"Locatie, Tobiasschool",AMSTERDAM,VMBO,0.0,0.0,0.0,0.0,0
14RP00,CSG,GRONINGEN,HAVO/VWO,12.75,17.36,0.0521,0.0695,328
14RP01,CSG - locatie Augustinus,GRONINGEN,HAVO/VWO,20.22,27.97,0.08,0.1071,540
14RP02,CSG - locatieKluiverboom,GRONINGEN,VMBO,0.0,41.49,0.0,0.1507,0
14RP03,CSG - locatie Diamantlaan,GRONINGEN,VMBO,0.0,44.87,0.0,0.161,0
14RP04,CSG - locatie Winsum,HET HOGELAND,VMBO,0.0,17.78,0.0,0.0711,0
14RR00,DevelsteinCollege,ZWIJNDRECHT,HAVO/VWO,18.74,20.7,0.0746,0.0817,519
14RR01,DevelsteinCollege loc. Loket,ZWIJNDRECHT,VMBO,0.0,100.0,0.0,0.301,0
14SE00,St. Nicolaaslyceum,AMSTERDAM,HAVO/VWO,51.82,48.03,0.1813,0.1703,405
14SF00,SGM De Goudse Waarden,GOUDA,VMBO,0.0,35.07,0.0,0.1306,0
14SF01,SGM De Goudse Waarden,GOUDA,HAVO/VWO,33.72,37.46,0.1262,0.1382,511
14SM00,Gooise Scholenfederatie,GOOISE MEREN,HAVO/VWO,61.56,51.78,0.2083,0.1812,393
14SM02,De Fontein,GOOISE MEREN,VMBO,0.0,14.78,0.0,0.0599,0
14SM03,SG Huizermaat,HUIZEN,HAVO/VWO,30.39,31.07,0.1152,0.1175,450
14SM04,A. Roland Holst College,HILVERSUM,HAVO/VWO,0.0,15.17,0.0,0.0613,526
14SM05,College De Brink,LAREN,VMBO,0.0,37.52,0.0,0.1384,0
14SM13,A. Roland Holst College,HILVERSUM,HAVO/VWO,89.32,43.91,0.2772,0.1581,0
14SW00,Roncalli Scholengemeenschap,BERGEN OP ZOOM,HAVO/VWO,12.6,13.56,0.0515,0.0552,355
14SZ00,Newmancollege,BREDA,HAVO/VWO,22.08,36.43,0.0867,0.1349,505
14TA00,Christelijk Lyceum Zandvliet,'S-GRAVENHAGE,HAVO/VWO,48.55,47.39,0.1719,0.1685,354
14TD00,Sgm Het Rynlands Sassenh,TEYLINGEN,HAVO/VWO,33.53,34.12,0.1256,0.1275,531
14UM00,Almende College,OUDE IJSSELSTREEK,HAVO/VWO,28.79,34.78,0.1099,0.1296,622
14UM01,Almende College,OUDE IJSSELSTREEK,VMBO,0.0,17.2,0.0,0.0689,0
14UM02,Almende College,OUDE IJSSELSTREEK,VMBO,0.0,18.72,0.0,0.0745,0
14VG00,Alkwin Kollege,UITHOORN,HAVO/VWO,43.45,39.28,0.1567,0.1439,621
14VY00,Chr Sgm Buitenveldert,AMSTERDAM,HAVO/VWO,5.25,14.04,0.0222,0.057,289
14WE00,Adelbert College,WASSENAAR,HAVO/VWO,29.39,28.47,0.1119,0.1088,336
14WI00,Chr. Gymnasium Beyers Naude,LEEUWARDEN,HAVO/VWO,82.62,49.05,0.2615,0.1733,0
14WJ00,Het Vlietland College,LEIDEN,HAVO/VWO,17.22,24.54,0.069,0.0953,417
14WL00,Krimpenerwaard College,KRIMPEN AAN DEN IJSSEL,HAVO/VWO,21.02,25.17,0.0829,0.0975,379
14YD03,Lentiz,WESTLAND,VMBO,0.0,0.0,0.0,0.0,0
14YD06,Lentiz,MIDDEN-DELFLAND,VMBO,0.0,0.0,0.0,0.0,0
14YD09,Lentiz Dalton College,WESTLAND,VMBO,0.0,3.34,0.0,0.0143,0
15BH00,Chr Sgm Groene Hart,ALPHEN AAN DEN RIJN,VMBO,0.0,0.0,0.0,0.0,0
15BH01,Chr Sgm Groene Hart Lyceum,ALPHEN AAN DEN RIJN,HAVO/VWO,35.82,50.51,0.133,0.1776,723
15BH04,Groene Hart Rijnwoude,ALPHEN AAN DEN RIJN,VMBO,0.0,36.14,0.0,0.134,0
15BH05,Groene Hart Topmavo,ALPHEN AAN DEN RIJN,VMBO,0.0,16.56,0.0,0.0666,0
15BS00,Sondervick College,VELDHOVEN,HAVO/VWO,19.97,21.92,0.0791,0.0861,390
15EO00,OSG Libanon Lyceum,ROTTERDAM,HAVO/VWO,32.59,34.21,0.1225,0.1278,363
15HX00,Thorbecke Talentsch Rotterdam,ROTTERDAM,HAVO/VWO,15.12,21.97,0.0612,0.0863,374
15HX02,Thorbecke Talentsch Rotterdam,ROTTERDAM,VMBO,0.0,0.0,0.0,0.0,0
15HX03,Thorbecke Talentsc Nieuwerkerk,ZUIDPLAS,VMBO,0.0,14.06,0.0,0.0571,0
15HX07,Thorbecke VO,ROTTERDAM,VMBO,0.0,7.87,0.0,0.0329,0
15JM00,Utrechts Stedelijk Gymnasium,UTRECHT,HAVO/VWO,96.45,57.64,0.2932,0.1977,0
15KR00,Wolfert van Borselen sgr,ROTTERDAM,HAVO/VWO,46.99,40.36,0.1673,0.1472,493
15KR05,Sg Wolfert van Borselen,ROTTERDAM,HAVO/VWO,21.85,34.48,0.0858,0.1287,295
15KR06,Sg Wolfert van Borselen,LANSINGERLAND,HAVO/VWO,47.07,50.84,0.1675,0.1785,414
15KR10,Sg Wolfert van Borselen,ROTTERDAM,VMBO,0.0,13.56,0.0,0.0552,0
15KR12,Sg Wolfert van Borselen,LANSINGERLAND,VMBO,0.0,6.31,0.0,0.0266,0
15KR13,Sg Wolfert van Borselen,LANSINGERLAND,VMBO,0.0,0.0,0.0,0.0,0
15OM00,Het Schoonhovens College,KRIMPENERWAARD,HAVO/VWO,26.43,25.24,0.1018,0.0978,245
15OM01,Het Schoonhovens College,KRIMPENERWAARD,VMBO,0.0,51.05,0.0,0.1791,0
15QW00,RGO College,GOEREE-OVERFLAKKEE,HAVO/VWO,13.35,25.34,0.0544,0.0981,462
15SC00,Erasmianum Gem Gymnasium,ROTTERDAM,HAVO/VWO,94.74,65.07,0.2895,0.2177,0
15VQ00,Stellingwerf College,OOSTSTELLINGWERF,HAVO/VWO,19.08,21.96,0.0758,0.0862,354
15XV00,Reg SGM Hoeksche Waard,HOEKSCHE WAARD,HAVO/VWO,24.09,24.57,0.0937,0.0954,412
15XV01,Reg SGM Hoeksche Waard,HOEKSCHE WAARD,VMBO,0.0,42.15,0.0,0.1528,0
16AW00,Opb SGM Echnaton,ALMERE,HAVO/VWO,0.0,0.0,0.0,0.0,85
16AW01,Opb SGM Echnaton,ALMERE,HAVO/VWO,18.83,24.06,0.0749,0.0936,783
16CX00,Regius College Schagen,SCHAGEN,HAVO/VWO,30.1,48.43,0.1143,0.1715,832
16CX04,Regius College Schagen,SCHAGEN,VMBO,0.0,29.78,0.0,0.1132,0
16CX08,Regius College Schagen,SCHAGEN,VMBO,0.0,12.84,0.0,0.0524,0
16EI00,Lyceum Schravenlant,SCHIEDAM,HAVO/VWO,19.33,34.68,0.0767,0.1293,438
16FP00,Reg SGM Magister Alvinus,SÚDWEST-FRYSLÂN,HAVO/VWO,21.66,26.39,0.0851,0.1017,558
16GZ00,RSG Tromp Meesters,STEENWIJKERLAND,HAVO/VWO,25.2,34.17,0.0976,0.1277,438
16GZ01,RSG Tromp Meesters,STEENWIJKERLAND,VMBO,0.0,92.16,0.0,0.2837,0
16GZ03,RSG Tromp Meesters,STEENWIJKERLAND,VMBO,0.0,20.56,0.0,0.0812,0
16IH00,RSG Ter Apel,WESTERWOLDE,HAVO/VWO,8.72,15.56,0.0363,0.0628,211
16KP00,OSG de Hogeberg,TEXEL,HAVO/VWO,16.57,17.3,0.0666,0.0693,219
16MQ00,Kon Willem II College,TILBURG,HAVO/VWO,14.52,21.69,0.0589,0.0853,577
16NK00,Vrije school Zutphen-Groningen,ZUTPHEN,HAVO/VWO,20.36,26.68,0.0805,0.1027,370
16NK01,Vrije school Zutphen-Groningen,GRONINGEN,HAVO/VWO,21.03,23.34,0.0829,0.0911,283
16OX00,2College,OISTERWIJK,HAVO/VWO,12.11,18.02,0.0496,0.072,496
16OX02,2College Cobbenhagenlyceum,TILBURG,HAVO/VWO,27.86,35.99,0.1067,0.1335,288
16OX03,2College Ruivenmavo,TILBURG,VMBO,0.0,14.63,0.0,0.0593,0
16OX04,2College Jozefmavo,TILBURG,VMBO,0.0,18.5,0.0,0.0737,0
16OX10,2College Cobbenhagenmavo,TILBURG,VMBO,0.0,6.12,0.0,0.0258,0
16PA00,Chr Gymnasium,UTRECHT,HAVO/VWO,94.47,52.96,0.2888,0.1846,0
16PE00,Connect College,ECHT-SUSTEREN,HAVO/VWO,41.19,45.02,0.1498,0.1614,341
16PE01,Connect College,ECHT-SUSTEREN,VMBO,0.0,5.92,0.0,0.025,0
16PI00,OPB SGM Winkler Prins,VEENDAM,HAVO/VWO,34.27,7.6,0.128,0.0318,80
16PI01,OPB SGM Winkler Prins,VEENDAM,HAVO/VWO,21.17,24.88,0.0834,0.0965,355
16PI03,OPB SGM Winkler Prins,VEENDAM,VMBO,0.0,69.16,0.0,0.2283,0
16PI05,OPB SGM Winkler Prins,VEENDAM,VMBO,0.0,0.0,0.0,0.0,0
16PK00,Portus Scholengroep,ROTTERDAM,HAVO/VWO,23.26,21.37,0.0908,0.0841,39
16PK05,Portus SG loc Zuidermavo,ROTTERDAM,VMBO,0.0,14.57,0.0,0.0591,0
16PK07,Portus SG locatie Juliana,ROTTERDAM,VMBO,0.0,8.83,0.0,0.0368,0
16PK08,Meerpaal,ROTTERDAM,VMBO,0.0,10.98,0.0,0.0452,0
16PK10,CBS Plus,ROTTERDAM,HAVO/VWO,0.0,12.87,0.0,0.0526,232
16PN00,Joodse SGM Maimonides,AMSTERDAM,HAVO/VWO,35.17,17.43,0.1309,0.0698,53
16PS00,Montessori SGM Amsterdam,AMSTERDAM,HAVO/VWO,37.91,23.55,0.1396,0.0919,391
16PS04,"Locatie, IVKO",AMSTERDAM,HAVO/VWO,0.0,3.95,0.0,0.0168,261
16PS07,Montessori SGM Amsterdam,AMSTERDAM,HAVO/VWO,42.13,55.84,0.1527,0.1927,288
16PS08,Montessori Lyceum Oostpoort,AMSTERDAM,HAVO/VWO,0.0,7.74,0.0,0.0324,35
16PS16,"Loc, Metis Montessori Lyceum",AMSTERDAM,VMBO,0.0,14.74,0.0,0.0597,0
16PS17,MLA-VOS,AMSTERDAM,VMBO,0.0,10.72,0.0,0.0442,0
16PS18,MLA-VEL,AMSTERDAM,HAVO/VWO,24.43,16.17,0.0949,0.0651,233
16QA00,Chr SGM De Lage Waard,PAPENDRECHT,HAVO/VWO,29.07,29.07,0.1108,0.1108,567
16QA01,Chr SGM De Lage Waard,PAPENDRECHT,VMBO,0.0,30.92,0.0,0.117,0
16QH00,De Nassau,BREDA,VMBO,0.0,13.68,0.0,0.0557,0
16QH01,De Nassau,BREDA,HAVO/VWO,34.8,35.0,0.1297,0.1303,601
16QN00,RK Gymnasium Juvenaat H. Hart,BERGEN OP ZOOM,HAVO/VWO,87.98,61.06,0.2741,0.207,0
16RB00,Jacob-Roelandslyceum,BOXTEL,HAVO/VWO,39.58,46.41,0.1448,0.1656,612
16RF00,OLV - Breda,BREDA,HAVO/VWO,44.51,39.99,0.1599,0.1461,673
16RH00,Het Rijnlands LYC,OEGSTGEEST,HAVO/VWO,59.77,38.58,0.2035,0.1417,273
16RT00,VO Best-Oirschot,BEST,HAVO/VWO,21.07,32.51,0.083,0.1223,825
16RT01,VO Best-Oirschot,OIRSCHOT,VMBO,0.0,37.1,0.0,0.137,0
16SK00,Liemers College,ZEVENAAR,HAVO/VWO,33.14,41.15,0.1243,0.1497,499
16SK01,Liemers College,MONTFERLAND,HAVO/VWO,0.0,10.11,0.0,0.0418,166
16SK05,Liemers College,ZEVENAAR,VMBO,0.0,0.0,0.0,0.0,0
16SK07,Liemers College,ZEVENAAR,VMBO,0.0,4.55,0.0,0.0193,0
16SL00,Sint-Janscollege,HEERLEN,HAVO/VWO,32.59,34.63,0.1225,0.1291,667
16ST00,BSG,BERGEN (NH.),HAVO/VWO,28.56,28.34,0.1091,0.1084,352
16SW00,Metameer,LAND VAN CUIJK,HAVO/VWO,10.24,23.22,0.0423,0.0907,197
16SW03,Metameer jenaplan Boxmeer,LAND VAN CUIJK,VMBO,0.0,21.73,0.0,0.0854,0
16TS00,Vrije School N Holland,AMSTERDAM,HAVO/VWO,26.15,28.58,0.1009,0.1092,340
16TS02,Vrije School N Holland,HAARLEM,HAVO/VWO,10.15,9.27,0.042,0.0385,213
16TS03,Vrije School Noord-Holland,BERGEN (NH.),HAVO/VWO,10.67,10.6,0.044,0.0438,204
16TS04,Vrije School N Holland,HAARLEM,HAVO/VWO,22.11,27.51,0.0868,0.1055,144
16TS05,Vrije School N Holland,BERGEN (NH.),HAVO/VWO,33.61,23.83,0.1258,0.0928,115
16TV00,Vrije School Z-Holland,'S-GRAVENHAGE,HAVO/VWO,19.37,22.91,0.0769,0.0896,252
16TV01,Vrije School Z-Holland,ROTTERDAM,HAVO/VWO,16.15,17.04,0.065,0.0683,435
16TV02,Vrije School Z-Holland,LEIDEN,HAVO/VWO,18.32,28.53,0.0731,0.109,214
16VI00,RK SGM Canisius,ALMELO,HAVO/VWO,20.5,30.1,0.081,0.1143,513
16VI01,RK SGM Canisius,TUBBERGEN,VMBO,0.0,13.78,0.0,0.0561,0
16VK00,OMO Scholengroep De Langstraat,WAALWIJK,HAVO/VWO,33.0,39.8,0.1238,0.1455,642
16VK01,Van Haestrecht College,LOON OP ZAND,VMBO,0.0,3.08,0.0,0.0132,0
16VK02,Walewyc Mavo,WAALWIJK,VMBO,0.0,4.59,0.0,0.0195,0
16VK03,d`Oultremont College,HEUSDEN,HAVO/VWO,23.27,24.18,0.0909,0.094,445
16VK06,De Overlaat,WAALWIJK,VMBO,0.0,37.73,0.0,0.139,0
16VM00,Herlecollege,HEERLEN,VMBO,0.0,0.0,0.0,0.0,0
16VM07,Herlecollege,HEERLEN,VMBO,0.0,100.0,0.0,0.301,0
16VP00,Hondsrug College,EMMEN,HAVO/VWO,13.64,20.94,0.0555,0.0826,492
16XD00,College Den Hulster,VENLO,HAVO/VWO,15.85,17.86,0.0639,0.0714,334
16YC00,Scheldemond College,VLISSINGEN,HAVO/VWO,13.94,25.45,0.0567,0.0985,387
16YV00,Pantarijn SGM,WAGENINGEN,HAVO/VWO,40.49,40.88,0.1476,0.1488,461
16YV01,Pantarijn SGM,WAGENINGEN,VMBO,0.0,25.69,0.0,0.0993,0
16YV02,Pantarijn SGM,RHENEN,VMBO,0.0,21.8,0.0,0.0856,0
16YV04,Pantarijn SGM,NEDER-BETUWE,VMBO,0.0,17.4,0.0,0.0697,0
16ZK00,Hogeland College,HET HOGELAND,HAVO/VWO,30.03,45.11,0.1141,0.1617,315
16ZK01,Hogeland College,HET HOGELAND,VMBO,0.0,13.89,0.0,0.0565,0
16ZK02,Hogeland College,HET HOGELAND,VMBO,0.0,27.23,0.0,0.1046,0
17AA00,Gerrit Komrij College,WINTERSWIJK,HAVO/VWO,14.36,19.11,0.0583,0.076,391
17AN00,Minkema College,WOERDEN,HAVO/VWO,42.51,43.9,0.1538,0.1581,854
17AN01,Minkema College,WOERDEN,VMBO,0.0,12.55,0.0,0.0514,0
17AY00,Cambium College,ZALTBOMMEL,HAVO/VWO,20.27,20.17,0.0801,0.0798,516
17AY04,Scholengroep Cambium,ZALTBOMMEL,VMBO,0.0,48.4,0.0,0.1714,0
17BI00,NUOVO Scholengroep,ZEIST,HAVO/VWO,45.3,41.29,0.1623,0.1501,473
17BI02,NXT Doorn,UTRECHTSE HEUVELRUG,VMBO,0.0,3.69,0.0,0.0157,0
17BI06,OVMZ,ZEIST,VMBO,0.0,14.4,0.0,0.0584,0
17BZ00,Van der Capellen SGM,ZWOLLE,HAVO/VWO,20.19,24.16,0.0799,0.094,422
17BZ02,Capellenborg,OLST-WIJHE,HAVO/VWO,0.0,10.2,0.0,0.0422,105
17BZ03,Van der Capellen SGM,ELBURG,VMBO,0.0,4.9,0.0,0.0208,0
17BZ04,Zeven Linden College,HARDENBERG,HAVO/VWO,8.62,11.4,0.0359,0.0469,113
17CK00,RSG Slingerbos/Levant,HARDERWIJK,HAVO/VWO,24.93,27.85,0.0967,0.1067,809
17CK01,Reg Sgm 't Slingerbos,ZEEWOLDE,VMBO,0.0,13.28,0.0,0.0542,0
17CR00,Einstein Lyceum,ROTTERDAM,HAVO/VWO,15.23,22.42,0.0616,0.0878,206
17DD00,rsg Wiringherlant,HOLLANDS KROON,HAVO/VWO,11.23,13.25,0.0462,0.0541,263
17DN00,OSG De Meergronden,ALMERE,HAVO/VWO,10.89,15.9,0.0449,0.0641,329
17DN01,SGM De Meergronden- Arte Coll.,ALMERE,HAVO/VWO,4.37,9.38,0.0186,0.0389,216
17GM00,Oosterlicht College,NIEUWEGEIN,HAVO/VWO,18.09,21.34,0.0722,0.084,536
17GM02,Lekpoort College,VIJFHEERENLANDEN,HAVO/VWO,0.0,0.95,0.0,0.0041,46
17GT00,RK SGM St Ursula,LEUDAL,HAVO/VWO,24.98,34.41,0.0968,0.1284,503
17GT02,RK SGM St Ursula,LEUDAL,VMBO,0.0,34.51,0.0,0.1287,0
17HB00,ZAAM West,AMSTERDAM,HAVO/VWO,13.25,20.41,0.0541,0.0807,284
17HB03,"locatie, het Reinaert",AMSTERDAM,VMBO,0.0,10.45,0.0,0.0432,0
17HB06,Calvijn College,AMSTERDAM,VMBO,0.0,0.0,0.0,0.0,0
17HB07,Iedersland College,AMSTERDAM,VMBO,0.0,0.0,0.0,0.0,0
17HH00,HBM,HEEMSTEDE,VMBO,0.0,6.66,0.0,0.028,0
17HN00,Mezzo Scholen,LAND VAN CUIJK,HAVO/VWO,24.49,42.75,0.0951,0.1546,879
17HN02,Mezzo Elzendaal Gennep,GENNEP,VMBO,0.0,22.81,0.0,0.0892,0
17HN04,Mezzo Metameer Stevensbeek,LAND VAN CUIJK,HAVO/VWO,12.34,25.97,0.0505,0.1003,52
17HN05,Mezzo Metameer Jenaplan,LAND VAN CUIJK,VMBO,0.0,18.63,0.0,0.0742,0
17HR00,YES College,'S-GRAVENHAGE,VMBO,0.0,8.64,0.0,0.036,0
17HR02,Hofstad Lyceum,'S-GRAVENHAGE,HAVO/VWO,34.79,47.96,0.1297,0.1702,440
17HR05,Heldring Business School,'S-GRAVENHAGE,VMBO,0.0,0.0,0.0,0.0,0
17HX00,Mgr A E Rientjes Mavo,STICHTSE VECHT,VMBO,0.0,14.98,0.0,0.0606,0
17IM00,Over Betuwe College,LINGEWAARD,HAVO/VWO,28.68,50.11,0.1095,0.1764,648
17IM01,Over Betuwe College-Elst,OVERBETUWE,HAVO/VWO,0.0,10.64,0.0,0.0439,101
17IM02,Over Betuwe College-Huissen,LINGEWAARD,VMBO,0.0,29.12,0.0,0.111,0
17IM04,Over Betuwe College-Bemmel,LINGEWAARD,VMBO,0.0,10.1,0.0,0.0418,0
17IM05,Over Betuwe College-Elst,OVERBETUWE,HAVO/VWO,0.0,14.36,0.0,0.0583,119
17IR00,Pax Christi College,DRUTEN,VMBO,0.0,30.49,0.0,0.1156,0
17IR02,Pax Christi College,DRUTEN,HAVO/VWO,32.97,37.26,0.1237,0.1376,482
17JB00,Charlemagne College,LANDGRAAF,HAVO/VWO,21.13,19.79,0.0832,0.0784,494
17JB01,Charlemagne College,LANDGRAAF,VMBO,0.0,0.0,0.0,0.0,0
17JB02,Charlemagne College,KERKRADE,VMBO,0.0,0.0,0.0,0.0,0
17JY00,Gymn Beekvliet,SINT-MICHIELSGESTEL,HAVO/VWO,94.81,52.19,0.2896,0.1824,0
17KF00,Van Maerlant,'S-HERTOGENBOSCH,VMBO,0.0,13.32,0.0,0.0543,0
17KY00,Roncalli MAVO,ROTTERDAM,VMBO,0.0,8.82,0.0,0.0367,0
17VF00,ZAAM Noord,AMSTERDAM,HAVO/VWO,31.77,42.93,0.1198,0.1551,389
17VF02,ABC Noorderlicht,AMSTERDAM,VMBO,0.0,0.0,0.0,0.0,0
17VF03,Over-IJ College,AMSTERDAM,VMBO,0.0,10.77,0.0,0.0444,0
17VF04,Bernard Nieuwentijt College,WATERLAND,VMBO,0.0,19.06,0.0,0.0758,0
17VN01,Bonhoeffer College,ENSCHEDE,VMBO,0.0,18.32,0.0,0.0731,0
17VN05,Bonhoeffer College,ENSCHEDE,HAVO/VWO,19.87,23.96,0.0787,0.0933,505
17VN06,Bonhoeffer College,ENSCHEDE,HAVO/VWO,37.99,50.32,0.1398,0.177,587
17VN09,Bonhoeffer College,ENSCHEDE,VMBO,0.0,27.06,0.0,0.104,0
17VP00,Instelling VO Deurne,DEURNE,HAVO/VWO,32.66,47.34,0.1227,0.1683,652
17VP01,Alfrinkcollege,DEURNE,VMBO,0.0,4.37,0.0,0.0186,0
17VP02,Hub van Doornecollege,DEURNE,VMBO,0.0,33.63,0.0,0.1259,0
17VS00,Greijdanus,ZWOLLE,HAVO/VWO,17.71,20.28,0.0708,0.0802,778
17VS02,Greijdanus,ENSCHEDE,VMBO,0.0,15.42,0.0,0.0623,0
17VS03,Greijdanus,HARDENBERG,HAVO/VWO,11.64,17.57,0.0478,0.0703,358
17VS04,Greijdanus,MEPPEL,HAVO/VWO,0.0,15.84,0.0,0.0639,171
17WP00,Werkpl Kindergem Sch,DE BILT,HAVO/VWO,38.07,33.95,0.1401,0.127,445
17WQ00,Lentiz,VLAARDINGEN,HAVO/VWO,19.93,25.84,0.0789,0.0998,368
17WQ08,Lentiz VMBO LIFE College,SCHIEDAM,VMBO,0.0,16.7,0.0,0.0671,0
17XU00,Het Heerenlanden,VIJFHEERENLANDEN,HAVO/VWO,17.22,24.26,0.069,0.0943,323
17XU01,locatie De Joost,VIJFHEERENLANDEN,VMBO,0.0,0.0,0.0,0.0,0
17YF00,Het Zuiderpark,ROTTERDAM,VMBO,0.0,29.76,0.0,0.1131,0
17YF02,"Het Zuiderpark, Young Business",ROTTERDAM,VMBO,0.0,0.0,0.0,0.0,0
17YS00,Esprit Scholen,AMSTERDAM,VMBO,0.0,36.24,0.0,0.1343,0
17YS02,Esprit Scholengroep,AMSTERDAM,HAVO/VWO,0.0,12.92,0.0,0.0528,95
17YS03,Esprit Scholengroep,AMSTERDAM,HAVO/VWO,29.61,24.42,0.1126,0.0949,294
17YS04,Esprit Scholengroep,AMSTERDAM,HAVO/VWO,0.0,1.91,0.0,0.0082,64
17YS08,Esprit Scholengroep,AMSTERDAM,HAVO/VWO,44.9,35.32,0.1611,0.1314,198
17YS12,Esprit Scholengroep,AMSTERDAM,HAVO/VWO,10.7,7.76,0.0442,0.0324,31
17YS21,Esprit Scholen,AMSTERDAM,HAVO/VWO,49.93,40.47,0.1759,0.1476,55
17YS24,TASC,AMSTERDAM,VMBO,0.0,100.0,0.0,0.301,0
18AN00,Globe College,UTRECHT,VMBO,0.0,18.86,0.0,0.075,0
18CH00,Melanchthon,ROTTERDAM,HAVO/VWO,37.57,36.49,0.1385,0.1351,510
18CH02,Melanchthon Wilgenplaslaan,ROTTERDAM,VMBO,0.0,0.0,0.0,0.0,0
18CH03,Melanchthon Mavo Schiebroek,ROTTERDAM,VMBO,0.0,19.72,0.0,0.0782,0
18CH09,Melanchthon Kralingen,ROTTERDAM,VMBO,0.0,13.05,0.0,0.0533,0
18CH10,Melanchthon Mathenesse,ROTTERDAM,VMBO,0.0,36.14,0.0,0.134,0
18CV00,Martinus College,STEDE BROEC,HAVO/VWO,10.01,13.3,0.0414,0.0542,379
18DD00,SGM Philips van Horne,WEERT,HAVO/VWO,0.0,24.33,0.0,0.0946,1041
18DD02,SGM Philips van Horne,WEERT,VMBO,0.0,20.72,0.0,0.0818,0
18DO00,Compass,BRUNSSUM,VMBO,0.0,20.47,0.0,0.0809,0
18DO02,Vrijeschool Parkstad,HEERLEN,HAVO/VWO,8.81,20.27,0.0367,0.0802,62
18DQ00,PORTEUM 1,LELYSTAD,HAVO/VWO,2.78,4.65,0.0119,0.0198,166
18EC03,VSO Daaf Geluk,HAARLEM,HAVO/VWO,0.0,19.96,0.0,0.079,83
18GC00,PORTEUM 3,LELYSTAD,HAVO/VWO,25.52,34.18,0.0987,0.1277,623
18TR00,OZHW,RIDDERKERK,HAVO/VWO,2.85,8.21,0.0122,0.0343,103
18TR01,OZHW locatie Gemini Lekkerkerk,KRIMPENERWAARD,VMBO,0.0,13.08,0.0,0.0534,0
18TR02,OZHW loc. Walburg Zwijndrecht,ZWIJNDRECHT,HAVO/VWO,26.99,28.24,0.1038,0.108,360
18TR03,OZHW locatie LOC@ Walburg,ZWIJNDRECHT,VMBO,0.0,0.0,0.0,0.0,0
18TR07,OZHW loc. Dalton Barendrecht,BARENDRECHT,HAVO/VWO,24.53,31.98,0.0953,0.1205,582
18TR11,OZHW locatie Focus,BARENDRECHT,VMBO,0.0,52.55,0.0,0.1834,0
18TR12,OZHWgroen,BARENDRECHT,VMBO,0.0,0.0,0.0,0.0,0
18TR13,OZHW,RIDDERKERK,HAVO/VWO,10.19,16.09,0.0422,0.0648,62
18WS00,Anna Van Rijn College,NIEUWEGEIN,HAVO/VWO,34.16,45.18,0.1276,0.1619,414
18WS01,Anna Van Rijn College,NIEUWEGEIN,VMBO,0.0,0.0,0.0,0.0,0
18WS04,Anna Van Rijn College,NIEUWEGEIN,VMBO,0.0,12.25,0.0,0.0502,0
18XR00,Rythovius College,EERSEL,HAVO/VWO,27.23,30.84,0.1046,0.1167,403
18XU00,Beatrix College,TILBURG,HAVO/VWO,19.33,24.61,0.0767,0.0956,784
18XU01,Beatrix College loc. Reeshof,TILBURG,VMBO,0.0,17.37,0.0,0.0696,0
18XX00,Berechja College,URK,VMBO,0.0,22.17,0.0,0.087,0
19DH00,Opb SGM De Ring V Putten,NISSEWAARD,HAVO/VWO,17.54,28.9,0.0702,0.1103,428
19EN00,Jan Tinbergen College,ROOSENDAAL,HAVO/VWO,20.32,24.94,0.0803,0.0967,592
19EO00,"VMBO ""De Jutter"" Vlieland",VLIELAND,VMBO,0.0,4.17,0.0,0.0177,0
19EQ00,Hartenlustsch V Mavo,BLOEMENDAAL,VMBO,0.0,13.72,0.0,0.0558,0
19ET00,GSG t Schylger Jouw voor vmbo,TERSCHELLING,VMBO,0.0,15.77,0.0,0.0636,0
19EW00,ORS Lek en Linge,CULEMBORG,HAVO/VWO,95.11,55.77,0.2903,0.1925,0
19EW01,O.R.S. Lek en Linge,CULEMBORG,VMBO,0.0,38.33,0.0,0.1409,0
19EW03,O.R.S. Lek en Linge,CULEMBORG,HAVO/VWO,0.0,36.91,0.0,0.1364,975
19EW05,de Lingeborgh,WEST BETUWE,VMBO,0.0,8.06,0.0,0.0337,0
19FF00,SGM De Waerdenborch,RIJSSEN-HOLTEN,HAVO/VWO,12.56,19.18,0.0514,0.0762,525
19FF04,SGM De Waerdenborch,HOF VAN TWENTE,VMBO,0.0,14.59,0.0,0.0592,0
19GY00,Comenius College,CAPELLE AAN DEN IJSSEL,HAVO/VWO,16.5,19.02,0.0663,0.0756,793
19GY04,Comenius College Krimpen,KRIMPEN AAN DEN IJSSEL,VMBO,0.0,10.48,0.0,0.0433,0
19GY05,Comenius College Rotterdam,ROTTERDAM,VMBO,0.0,8.05,0.0,0.0336,0
19GY06,Comenius College Nieuwerkerk,ZUIDPLAS,VMBO,0.0,8.76,0.0,0.0365,0
19GY08,Comenius College Rotterdam,ROTTERDAM,VMBO,0.0,14.13,0.0,0.0574,0
19HG00,Sg. Carmel Hengelo,HENGELO,HAVO/VWO,26.37,45.55,0.1016,0.163,761
19HG06,Locatie Avila College,HENGELO,VMBO,0.0,11.21,0.0,0.0462,0
19HG10,Locatie C.T. Stork College,HENGELO,VMBO,0.0,25.81,0.0,0.0997,0
19HG11,Loc. Lyceum de Grundel,HENGELO,HAVO/VWO,43.92,43.27,0.1581,0.1562,346
19HR00,Blariacumcollege,VENLO,HAVO/VWO,9.03,14.92,0.0376,0.0604,368
19HV00,VWO van het Bernardinuscollege,HEERLEN,HAVO/VWO,79.63,45.28,0.2544,0.1622,0
19HY00,Burg Walda SGM,AMELAND,VMBO,0.0,11.64,0.0,0.0478,0
19IP00,Rembrandt College,VEENENDAAL,HAVO/VWO,21.66,22.7,0.0852,0.0889,361
19IW00,RSG Wolfsbos,HOOGEVEEN,HAVO/VWO,14.22,25.05,0.0577,0.0971,301
19IW04,RSG Wolfsbos,HOOGEVEEN,VMBO,0.0,26.3,0.0,0.1014,0
19IW05,RSG Wolfsbos,HOOGEVEEN,VMBO,0.0,6.75,0.0,0.0284,0
19KM00,Mavo Schravenlant XL,SCHIEDAM,VMBO,0.0,9.59,0.0,0.0398,0
19KZ00,Pallas Athene College,EDE,HAVO/VWO,20.49,30.85,0.081,0.1168,347
19LO00,Linde College,WESTSTELLINGWERF,HAVO/VWO,13.13,16.58,0.0536,0.0666,324
19PV00,Graaf Huyn College,SITTARD-GELEEN,HAVO/VWO,18.01,21.23,0.0719,0.0836,380
19QA00,Koningin Wilhelmina College,CULEMBORG,HAVO/VWO,32.98,35.16,0.1238,0.1308,405
19QA04,Koningin Wilhelmina College,CULEMBORG,VMBO,0.0,0.0,0.0,0.0,0
19QC00,Bernardinuscollege,HEERLEN,HAVO/VWO,0.0,32.36,0.0,0.1217,418
19RX00,Merletcollege,LAND VAN CUIJK,HAVO/VWO,19.43,22.11,0.0771,0.0868,308
19RX01,Merletcollege,LAND VAN CUIJK,HAVO/VWO,0.0,12.08,0.0,0.0495,201
19RX02,Merletcollege,LAND VAN CUIJK,VMBO,0.0,6.04,0.0,0.0255,0
19TI00,Solyvius College,HAARLEMMERMEER,HAVO/VWO,29.75,24.68,0.1131,0.0958,420
19TI03,"locatie, Hoofdvaart College",HAARLEMMERMEER,VMBO,0.0,30.76,0.0,0.1165,0
19TI05,Haarlemmermeerlyceum Zuidrand,HAARLEMMERMEER,HAVO/VWO,40.47,42.8,0.1476,0.1547,455
19XH00,Het Hooghuis,OSS,HAVO/VWO,43.81,46.37,0.1578,0.1654,566
19XH01,Het Hooghuis locatie Stadion,OSS,VMBO,0.0,11.19,0.0,0.0461,0
19XH03,Het Hooghuis locatie Heesch,BERNHEZE,VMBO,0.0,24.42,0.0,0.0949,0
19XH04,Het Hooghuis locatie Zuid/West,OSS,VMBO,0.0,66.43,0.0,0.2212,0
19XH05,Het Hooghuis locatie Zuid/West,OSS,VMBO,0.0,0.84,0.0,0.0036,0
19XH09,Het Hooghuis locatie Mondriaan,OSS,HAVO/VWO,0.0,15.72,0.0,0.0634,456
19XS00,Sintermeertencollege,HEERLEN,HAVO/VWO,18.28,23.22,0.0729,0.0907,495
19XS01,Sintermeertencollege,HEERLEN,VMBO,0.0,23.22,0.0,0.0907,0
19XV00,Curio VO,BREDA,VMBO,0.0,0.57,0.0,0.0025,0
19XV01,Graaf Engelbrecht,BREDA,HAVO/VWO,10.47,27.6,0.0432,0.1059,209
19XV02,Curio de rotonde,BREDA,VMBO,0.0,6.91,0.0,0.029,0
19XY00,Amstelveen College,AMSTELVEEN,HAVO/VWO,24.92,24.9,0.0966,0.0966,599
19ZP00,Maris College,'S-GRAVENHAGE,VMBO,0.0,24.09,0.0,0.0937,0
19ZP03,Maris College - loc. Kijkduin,'S-GRAVENHAGE,VMBO,0.0,5.78,0.0,0.0244,0
19ZP04,Maris College - Statenkwartier,'S-GRAVENHAGE,VMBO,0.0,23.21,0.0,0.0906,0
19ZP05,Maris College - loc. Houtrust,'S-GRAVENHAGE,VMBO,0.0,7.68,0.0,0.0321,0
19ZP06,Maris College,'S-GRAVENHAGE,VMBO,0.0,4.6,0.0,0.0195,0
19ZP07,Maris College,'S-GRAVENHAGE,VMBO,0.0,0.0,0.0,0.0,0
19ZQ00,Sted. Dalton College Alkmaar,ALKMAAR,HAVO/VWO,15.28,21.78,0.0618,0.0856,410
19ZQ02,SDC Alkmaar - Van der Meij,ALKMAAR,VMBO,0.0,0.0,0.0,0.0,0
19ZU00,Gem Gymn Camphusianum,GORINCHEM,HAVO/VWO,89.73,55.47,0.2781,0.1917,0
19ZX00,Huygens,DIJK EN WAARD,HAVO/VWO,8.41,17.01,0.0351,0.0682,377
19ZX01,Huygens College,DIJK EN WAARD,VMBO,0.0,0.0,0.0,0.0,0
20AA00,Murmellius,ALKMAAR,HAVO/VWO,92.17,55.49,0.2837,0.1917,0
20AB00,SGM Grotius College Delft,DELFT,HAVO/VWO,35.7,48.2,0.1326,0.1709,329
20AB04,Scholencombinatie Delfland,DELFT,VMBO,0.0,20.55,0.0,0.0812,0
20AD00,Panora Lyceum,DOETINCHEM,HAVO/VWO,6.22,6.67,0.0262,0.028,104
20AD02,Rietveld Lyceum,DOETINCHEM,HAVO/VWO,22.36,21.83,0.0876,0.0858,315
20AD03,Panora Lyceum,DOETINCHEM,VMBO,0.0,1.85,0.0,0.008,0
20AE00,Willem De Zwijger College,PAPENDRECHT,HAVO/VWO,15.82,25.57,0.0638,0.0989,466
20AE01,Willem De Zwijger College,HARDINXVELD-GIESSENDAM,VMBO,0.0,11.37,0.0,0.0468,0
20AI00,Coornhert Gymnasium,GOUDA,HAVO/VWO,89.94,63.57,0.2786,0.2137,0
20AJ00,Stedelijk Gymnasium,'S-HERTOGENBOSCH,HAVO/VWO,92.16,50.65,0.2837,0.178,0
20AM00,Portus SG Farelcollege,RIDDERKERK,HAVO/VWO,13.05,14.91,0.0533,0.0604,337
20AT00,Parmant Scholen,EINDHOVEN,HAVO/VWO,17.07,23.84,0.0684,0.0929,527
20AT01,Aloysius De Roosten,EINDHOVEN,VMBO,0.0,15.61,0.0,0.063,0
20AT03,Vakcollege Eindhoven,EINDHOVEN,VMBO,0.0,57.35,0.0,0.1969,0
20AT07,Helder havo/vwo,EINDHOVEN,HAVO/VWO,18.44,43.79,0.0735,0.1577,70
20BC00,Oranje Nassau College,ZOETERMEER,HAVO/VWO,7.24,16.29,0.0304,0.0656,416
20BC01,Oranje Nassau College,ZOETERMEER,VMBO,0.0,21.76,0.0,0.0855,0
20BH00,EYE College,CAPELLE AAN DEN IJSSEL,HAVO/VWO,3.83,5.39,0.0163,0.0228,82
20BK00,Stedelijk College Eindhoven,EINDHOVEN,HAVO/VWO,29.03,39.12,0.1107,0.1434,482
20BK01,Stedelijk College Eindhoven,EINDHOVEN,VMBO,0.0,31.62,0.0,0.1193,0
20BQ00,Mill Hill College,GOIRLE,HAVO/VWO,17.49,22.1,0.07,0.0867,548
20BV00,Praedinius Gymnasium,GRONINGEN,HAVO/VWO,89.67,61.07,0.278,0.207,0
20CF00,Gymnasium Celeanum,ZWOLLE,HAVO/VWO,93.73,48.45,0.2872,0.1716,0
20CI00,Stedelijk Gymnasium,NIJMEGEN,HAVO/VWO,94.62,63.24,0.2892,0.2128,0
20CJ00,Het College Vos,VLAARDINGEN,HAVO/VWO,24.42,36.68,0.0949,0.1357,315
20CJ04,Vlaardingse Opb SGM,VLAARDINGEN,VMBO,0.0,14.14,0.0,0.0574,0
20CJ11,Het College Vos,VLAARDINGEN,VMBO,0.0,17.95,0.0,0.0717,0
20CK00,Joh V Oldenbarnevelt,AMERSFOORT,HAVO/VWO,94.18,64.19,0.2882,0.2154,0
20CL00,Leonardo College,LEIDEN,HAVO/VWO,13.95,24.64,0.0567,0.0957,338
20CM00,Dollard College,OLDAMBT,HAVO/VWO,31.18,47.72,0.1179,0.1694,468
20CM01,Dollard College,PEKELA,VMBO,0.0,9.41,0.0,0.039,0
20CM03,Dollard College,WESTERWOLDE,VMBO,0.0,18.98,0.0,0.0755,0
20CM07,Dollard College,EEMSDELTA,VMBO,0.0,7.35,0.0,0.0308,0
20CM08,Dollard College,OLDAMBT,VMBO,0.0,16.47,0.0,0.0662,0
20CM09,Dollard College,OLDAMBT,VMBO,0.0,26.3,0.0,0.1014,0
20CN00,Scholengroep Zaandam,ZAANSTAD,HAVO/VWO,40.43,51.4,0.1475,0.1801,620
20CN02,locatie Compaen VMBO,ZAANSTAD,VMBO,0.0,20.19,0.0,0.0799,0
20CN05,locatie Het Saenredam,ZAANSTAD,HAVO/VWO,0.0,5.98,0.0,0.0252,48
20CP00,NEHALENNIA SSG,MIDDELBURG,VMBO,0.0,16.09,0.0,0.0648,0
20CP04,NEHALENNIA SSG,MIDDELBURG,HAVO/VWO,44.93,51.33,0.1612,0.1799,514
20CQ00,AOG,RIJSWIJK,HAVO/VWO,8.35,14.2,0.0348,0.0577,251
20CQ01,"locatie, Lyceum Ypenburg",'S-GRAVENHAGE,HAVO/VWO,32.62,33.74,0.1226,0.1263,485
20CQ04,"loc, van Vredenburch College",RIJSWIJK,VMBO,0.0,18.59,0.0,0.074,0
20CR00,Zuyderzee Lyceum,NOORDOOSTPOLDER,HAVO/VWO,27.38,33.44,0.1051,0.1253,505
20CR01,Zuyderzee Lyceum,NOORDOOSTPOLDER,VMBO,0.0,44.62,0.0,0.1602,0
20CR03,Zuyderzee Lyceum,DE FRYSKE MARREN,VMBO,0.0,10.63,0.0,0.0439,0
20CR05,Zuyderzee Lyceum,NOORDOOSTPOLDER,VMBO,0.0,33.33,0.0,0.1249,0
20CS00,OSG Hengelo,HENGELO,HAVO/VWO,53.34,53.14,0.1857,0.1851,258
20CS04,C.T. Stork College,HENGELO,VMBO,0.0,22.05,0.0,0.0865,0
20CS07,Montessori College Twente,HENGELO,HAVO/VWO,12.45,20.96,0.0509,0.0826,618
20DB00,Thorbecke SGM,ZWOLLE,HAVO/VWO,25.53,29.03,0.0988,0.1107,576
20DB03,Thorbecke SGM,ZWOLLE,VMBO,0.0,36.59,0.0,0.1354,0
20DB11,Thorbecke SGM,ZWOLLE,VMBO,0.0,0.0,0.0,0.0,0
20DC00,Stedelijk Gymnasium Schiedam,SCHIEDAM,HAVO/VWO,86.64,53.05,0.271,0.1848,0
20DD00,Gem Gymnasium,HILVERSUM,HAVO/VWO,96.09,67.53,0.2925,0.2241,0
20DF00,Da Vinci College,LEIDEN,HAVO/VWO,27.5,36.6,0.1055,0.1354,388
20DF01,Da Vinci College,LEIDEN,VMBO,0.0,16.47,0.0,0.0662,0
20DF09,Da Vinci College,LEIDEN,VMBO,0.0,22.36,0.0,0.0877,0
20DG00,Gymnasium Felisenum,VELSEN,HAVO/VWO,92.7,52.41,0.2849,0.183,0
20DH00,Eligant Lyceum,ZUTPHEN,HAVO/VWO,32.13,30.54,0.121,0.1158,172
20DH06,Kompaan College,ZUTPHEN,VMBO,0.0,38.83,0.0,0.1425,0
20DH08,Kompaan College,ZUTPHEN,VMBO,0.0,0.0,0.0,0.0,0
20DH10,Baudartius College,ZUTPHEN,HAVO/VWO,56.71,50.22,0.1951,0.1767,269
20DH12,Kompaan Nieuwstad,BRONCKHORST,VMBO,0.0,11.32,0.0,0.0466,0
20DL00,Opb SGM Piter Jelles,LEEUWARDEN,HAVO/VWO,36.32,46.8,0.1346,0.1667,515
20DL01,"Locatie, !mpulse Kollum",NOARDEAST-FRYSLÂN,HAVO/VWO,11.21,12.79,0.0462,0.0523,97
20DL02,"Locatie, Stedelijk Gymnasium",LEEUWARDEN,HAVO/VWO,87.63,45.55,0.2733,0.163,0
20DL03,"Locatie, YnSicht",LEEUWARDEN,VMBO,0.0,0.0,0.0,0.0,0
20DL04,"Locatie, De Dyk",LEEUWARDEN,HAVO/VWO,0.0,6.05,0.0,0.0255,66
20DL06,"Locatie,Montessori High School",LEEUWARDEN,HAVO/VWO,0.0,19.41,0.0,0.077,182
20DL10,"Locatie, !mpulse Leeuwarden",LEEUWARDEN,HAVO/VWO,17.41,20.25,0.0697,0.0801,186
20DL12,"Locatie, Dalton Dokkum",NOARDEAST-FRYSLÂN,HAVO/VWO,0.0,8.39,0.0,0.035,118
20DP00,Stedelijk Gymnasium,LEIDEN,HAVO/VWO,94.27,59.23,0.2884,0.202,0
20EA00,De Amersfoortse Berg,AMERSFOORT,HAVO/VWO,45.44,48.87,0.1627,0.1728,506
20EI00,Vallei College,AMERSFOORT,HAVO/VWO,24.91,23.47,0.0966,0.0916,334
20EI01,VMBO Trivium,AMERSFOORT,VMBO,0.0,17.46,0.0,0.0699,0
20EI02,Amsfort College,AMERSFOORT,VMBO,0.0,17.99,0.0,0.0719,0
20EI03,Vathorst College,AMERSFOORT,HAVO/VWO,22.62,23.83,0.0886,0.0928,475
20EK00,Vellesan College,VELSEN,HAVO/VWO,17.03,43.58,0.0683,0.1571,239
20EK04,Locatie Duin- en Kruidbergmavo,VELSEN,VMBO,0.0,20.65,0.0,0.0815,0
20EK07,Vellesan College,VELSEN,VMBO,0.0,13.37,0.0,0.0545,0
20EK08,Vellesan College,VELSEN,VMBO,0.0,0.0,0.0,0.0,0
20EM00,H.N. Werkman College,GRONINGEN,HAVO/VWO,44.26,38.83,0.1591,0.1425,526
20EM03,Topsport Talentschool,GRONINGEN,HAVO/VWO,23.1,24.4,0.0903,0.0948,132
20EM04,H.N. Werkman VMBO,GRONINGEN,VMBO,0.0,1.15,0.0,0.005,0
20EO00,Stedelijke SGM Nijmegen,NIJMEGEN,HAVO/VWO,15.24,32.01,0.0616,0.1206,547
20ER00,Zernike College,GRONINGEN,HAVO/VWO,37.34,42.25,0.1378,0.1531,400
20ER01,Zernike College,TYNAARLO,VMBO,0.0,0.0,0.0,0.0,0
20ER04,Zernike College,GRONINGEN,HAVO/VWO,44.97,40.45,0.1613,0.1475,520
20ER08,Zernike College,GRONINGEN,VMBO,0.0,32.96,0.0,0.1237,0
20ER09,Zernike College,GRONINGEN,VMBO,0.0,17.03,0.0,0.0683,0
20EY00,Scholengroep Krommenie,ZAANSTAD,HAVO/VWO,26.44,35.39,0.1019,0.1316,625
20EY07,locatie Trias VMBO,ZAANSTAD,VMBO,0.0,24.2,0.0,0.0941,0
20FR00,Scholengroep Penta,NISSEWAARD,HAVO/VWO,95.97,59.8,0.2922,0.2036,0
20FR02,Penta Scala Rietvelden,NISSEWAARD,HAVO/VWO,0.0,27.63,0.0,0.106,571
20FR04,Penta Hoogvliet,ROTTERDAM,VMBO,0.0,8.36,0.0,0.0349,0
20FR07,Penta Rozenburg,ROTTERDAM,HAVO/VWO,0.0,1.96,0.0,0.0084,28
20FR08,Penta Bahûrim,VOORNE AAN ZEE,VMBO,0.0,12.02,0.0,0.0493,0
20FR12,Penta Charles de Foucauld,NISSEWAARD,VMBO,0.0,22.89,0.0,0.0895,0
20GA00,Van Maerlantlyceum,EINDHOVEN,HAVO/VWO,58.01,49.79,0.1987,0.1755,315
20GD00,Campus 013,TILBURG,VMBO,0.0,1.09,0.0,0.0047,0
20GS00,Don Bosco College,EDAM-VOLENDAM,HAVO/VWO,18.24,19.48,0.0728,0.0773,461
20IB00,Eckartcollege,EINDHOVEN,HAVO/VWO,20.72,28.24,0.0818,0.108,579
20IB03,Nuenens College,NUENEN C.A.,VMBO,0.0,2.57,0.0,0.011,0
20IS00,Stella Maris College,MEERSSEN,HAVO/VWO,28.29,24.74,0.1082,0.096,464
20IS04,Stella Maris Coll,VALKENBURG AAN DE GEUL,VMBO,0.0,4.32,0.0,0.0184,0
20JX00,OMO Scholengroep Helmond,HELMOND,VMBO,0.0,37.75,0.0,0.1391,0
20JX02,Carolus Borromeus College,HELMOND,HAVO/VWO,23.81,26.75,0.0928,0.1029,534
20JX04,Dr.-Knippenbergcollege,HELMOND,HAVO/VWO,18.39,22.83,0.0733,0.0893,560
20KA00,Groenewald,STEIN,HAVO/VWO,14.73,19.14,0.0597,0.076,453
20KQ00,Openbare SGM Apeldoorn,APELDOORN,HAVO/VWO,24.38,22.05,0.0948,0.0865,423
20KQ04,UGO verkennend vmbo,APELDOORN,VMBO,0.0,7.73,0.0,0.0323,0
20KZ00,Joh De Wittgymnasium,DORDRECHT,HAVO/VWO,93.45,56.94,0.2866,0.1957,0
20LA00,Opb SGM Esdal College,EMMEN,HAVO/VWO,32.02,34.91,0.1206,0.13,638
20LA02,Opb SGM Esdal College,EMMEN,VMBO,0.0,27.73,0.0,0.1063,0
20LA03,Opb SGM Esdal College,EMMEN,VMBO,0.0,17.37,0.0,0.0696,0
20LA05,Opb SGM Esdal College,EMMEN,VMBO,0.0,23.8,0.0,0.0927,0
20LA06,Opb SGM Esdal College,COEVORDEN,VMBO,0.0,5.34,0.0,0.0226,0
20LA07,Opb SGM Esdal College,BORGER-ODOORN,VMBO,0.0,7.43,0.0,0.0311,0
20LA15,Opb SGM Esdal College,EMMEN,HAVO/VWO,100.0,71.62,0.301,0.2346,0
20LL00,Bouwens vd Boije College,PEEL EN MAAS,HAVO/VWO,12.76,22.63,0.0522,0.0886,443
20LO00,Opb SGM Dr Nassau Coll,ASSEN,HAVO/VWO,32.38,42.37,0.1218,0.1534,1019
20LO01,Opb SGM Dr Nassau Coll,NOORDENVELD,VMBO,0.0,11.66,0.0,0.0479,0
20LO02,Opb SGM Dr Nassau Coll,MIDDEN-DRENTHE,VMBO,0.0,16.76,0.0,0.0673,0
20LO03,Opb SGM Dr Nassau Coll,AA EN HUNZE,VMBO,0.0,12.2,0.0,0.05,0
20LO04,Opb SGM Dr Nassau College,ASSEN,VMBO,0.0,20.27,0.0,0.0802,0
20LU00,Gymnasium Haganum,'S-GRAVENHAGE,HAVO/VWO,92.78,53.44,0.2851,0.1859,0
20MA00,SGM het Segbroekcollege,'S-GRAVENHAGE,HAVO/VWO,24.05,40.12,0.0936,0.1465,825
20MA01,SGM het Segbroekcollege,'S-GRAVENHAGE,VMBO,0.0,16.64,0.0,0.0669,0
20MD00,Maerlant Lyceum,'S-GRAVENHAGE,HAVO/VWO,62.89,49.59,0.2119,0.1749,278
20MF00,Dalton Den Haag,'S-GRAVENHAGE,HAVO/VWO,49.03,43.52,0.1733,0.1569,378
20MH00,Jac P Thijsse College,CASTRICUM,HAVO/VWO,31.14,28.01,0.1177,0.1072,783
20MJ00,Johan de Witt Scholengroep,'S-GRAVENHAGE,HAVO/VWO,7.71,10.73,0.0322,0.0443,197
20MJ02,Maris Belgisch Park,'S-GRAVENHAGE,HAVO/VWO,37.98,46.11,0.1398,0.1647,457
20MJ04,Johan de Witt Scholengroep,'S-GRAVENHAGE,VMBO,0.0,41.67,0.0,0.1513,0
20MJ05,Johan de Witt Scholengroep,'S-GRAVENHAGE,VMBO,0.0,31.71,0.0,0.1196,0
20MJ13,Johan de Witt Scholengroep,'S-GRAVENHAGE,VMBO,0.0,100.0,0.0,0.301,0
20MM00,Zuid-West College,'S-GRAVENHAGE,VMBO,0.0,0.0,0.0,0.0,0
20MM01,Wateringse Veld College,'S-GRAVENHAGE,HAVO/VWO,24.23,28.34,0.0942,0.1084,287
20MM06,Roemer Visscher College,'S-GRAVENHAGE,VMBO,0.0,32.58,0.0,0.1225,0
20QU00,Gymnasium Apeldoorn,APELDOORN,HAVO/VWO,87.86,52.68,0.2738,0.1838,0
20QY00,Stedelijk Gymnasium,HAARLEM,HAVO/VWO,95.0,58.2,0.29,0.1992,0
20RC00,SGM Schoter,HAARLEM,HAVO/VWO,18.88,28.54,0.0751,0.109,543
20RF00,Coornhertlyc Gem SGM,HAARLEM,HAVO/VWO,26.16,25.63,0.1009,0.0991,676
20RM00,Stedelijk Gymnasium Arnhem,ARNHEM,HAVO/VWO,86.21,54.48,0.27,0.1889,0
20ST00,Sint-Janslyceum,'S-HERTOGENBOSCH,HAVO/VWO,26.77,22.77,0.103,0.0891,655
20SY00,Jeroen Bosch College,'S-HERTOGENBOSCH,HAVO/VWO,27.11,33.32,0.1042,0.1249,200
20TZ00,Lorentz Lyceum,ARNHEM,HAVO/VWO,42.1,41.22,0.1526,0.1499,280
20TZ04,Het Westeraam,OVERBETUWE,VMBO,0.0,0.0,0.0,0.0,0
20TZ07,Maarten van Rossem,ARNHEM,VMBO,0.0,25.97,0.0,0.1003,0
20TZ11,Lyceum Elst,OVERBETUWE,HAVO/VWO,8.26,10.47,0.0345,0.0433,180
20TZ14,Lyceum Elst Nijverheidsweg,OVERBETUWE,HAVO/VWO,24.89,40.74,0.0965,0.1484,155
20WI00,Maaslandcollege,OSS,HAVO/VWO,25.86,25.17,0.0999,0.0975,621
20ZK00,Tongerlo,ROOSENDAAL,VMBO,0.0,31.7,0.0,0.1196,0
20ZK02,Gertrudis,ROOSENDAAL,HAVO/VWO,2.14,1.36,0.0092,0.0059,2
20ZK04,Norbertus,ROOSENDAAL,HAVO/VWO,40.3,38.5,0.1471,0.1415,735
21AB00,Barlaeus Gymnasium,AMSTERDAM,HAVO/VWO,95.63,42.49,0.2914,0.1538,0
21AF00,Vossius Gymnasium,AMSTERDAM,HAVO/VWO,93.72,53.82,0.2872,0.187,0
21AS00,VOvA (1),AMSTERDAM,HAVO/VWO,0.0,32.13,0.0,0.121,268
21AS03,"loc, Bredero Beroepscollege",AMSTERDAM,VMBO,0.0,28.24,0.0,0.108,0
21AS07,"loc, Bredero Mavo",AMSTERDAM,HAVO/VWO,0.0,8.04,0.0,0.0336,146
21AS08,"loc, Hyperion Lyceum",AMSTERDAM,HAVO/VWO,88.11,48.95,0.2744,0.173,0
21AS09,"Loc, Vox College",AMSTERDAM,HAVO/VWO,9.11,14.73,0.0379,0.0597,36
21BH00,SGM Dalton Spinozalyceum,AMSTERDAM,HAVO/VWO,38.44,28.36,0.1413,0.1084,399
21BH02,Spinoza20First,AMSTERDAM,HAVO/VWO,17.17,16.52,0.0688,0.0664,132
21CS01,CITAVERDE College,HORST AAN DE MAAS,VMBO,0.0,0.0,0.0,0.0,0
21CS02,CITAVERDE College,ROERMOND,VMBO,0.0,0.58,0.0,0.0025,0
21CS03,CITAVERDE College,HEERLEN,VMBO,0.0,0.0,0.0,0.0,0
21CS05,CITAVERDE College,NEDERWEERT,VMBO,0.0,18.56,0.0,0.0739,0
21CY03,Curio Prinsentuin Oudenbosch,HALDERBERGE,VMBO,0.0,0.0,0.0,0.0,0
21CY05,Curio Prinsentuin Andel,ALTENA,VMBO,0.0,0.0,0.0,0.0,0
21ET00,ZAAM Zuid,AMSTERDAM,HAVO/VWO,39.45,38.28,0.1444,0.1408,364
21ET02,Sweelinck College,AMSTERDAM,HAVO/VWO,0.0,0.0,0.0,0.0,79
21ET04,Huygens College,AMSTERDAM,VMBO,0.0,16.72,0.0,0.0671,0
21ET07,Zuiderlicht College,AMSTERDAM,VMBO,0.0,0.0,0.0,0.0,0
21ET08,De Apollo,AMSTERDAM,HAVO/VWO,0.0,13.65,0.0,0.0556,55
21ET12,Vinse School,AMSTERDAM,HAVO/VWO,25.35,24.12,0.0981,0.0938,180
21EX00,Theresialyceum,TILBURG,HAVO/VWO,42.13,50.01,0.1527,0.1761,564
21FF00,Ir. Lely Lyceum,AMSTERDAM,HAVO/VWO,8.32,13.27,0.0347,0.0541,192
21FV00,Sint Odulphuslyceum,TILBURG,HAVO/VWO,87.35,53.08,0.2727,0.1849,275
21FV01,Sint Odulphuslyceum,TILBURG,HAVO/VWO,0.0,37.64,0.0,0.1387,324
21GD00,Calandlyceum,AMSTERDAM,HAVO/VWO,18.13,24.11,0.0724,0.0938,579
21GD01,"locatie, Lumion",AMSTERDAM,HAVO/VWO,11.71,19.33,0.0481,0.0767,329
21GD02,De Toekomst,OUDER-AMSTEL,HAVO/VWO,26.85,30.87,0.1033,0.1168,22
21GU00,Edith Stein College,'S-GRAVENHAGE,HAVO/VWO,14.65,26.01,0.0594,0.1004,258
21GU04,Corbulo College,LEIDSCHENDAM-VOORBURG,VMBO,0.0,100.0,0.0,0.301,0
21GU06,Diamant College,'S-GRAVENHAGE,VMBO,0.0,0.0,0.0,0.0,0
21GU07,Montaigne Lyceum,'S-GRAVENHAGE,HAVO/VWO,29.98,36.57,0.1139,0.1353,360
21GU08,College St. Paul,'S-GRAVENHAGE,VMBO,0.0,0.0,0.0,0.0,0
21GV00,Scholengemeenschap Were Di,VALKENSWAARD,HAVO/VWO,11.86,16.3,0.0487,0.0656,561
21GW00,Bonaventuracollege,LEIDEN,HAVO/VWO,35.37,28.73,0.1315,0.1097,438
21GW02,Bonaventuracollege,LEIDEN,HAVO/VWO,55.23,45.25,0.191,0.1621,347
21GW03,Bonaventuracollege,LEIDEN,VMBO,0.0,22.54,0.0,0.0883,0
21GW08,Bonaventura College,LEIDEN,VMBO,0.0,25.0,0.0,0.0969,0
21GZ00,Kwadrant Scholengroep,DONGEN,HAVO/VWO,13.7,16.02,0.0558,0.0646,370
21GZ06,locatie Hanze College,OOSTERHOUT,VMBO,0.0,46.93,0.0,0.1671,0
21HC00,ISW,WESTLAND,HAVO/VWO,23.77,24.86,0.0926,0.0964,866
21HC01,ISW Westland Vakcollege,WESTLAND,VMBO,0.0,41.93,0.0,0.1521,0
21HC03,ISW Gasthuislaan,WESTLAND,HAVO/VWO,32.11,34.57,0.1209,0.1289,548
21HC04,ISW Irenestraat,WESTLAND,VMBO,0.0,14.12,0.0,0.0573,0
21HC12,ISW Sweelincklaan,WESTLAND,VMBO,0.0,8.55,0.0,0.0356,0
21SK00,Mondial College,NIJMEGEN,HAVO/VWO,18.99,25.5,0.0755,0.0986,404
21SK01,Mondial College,NIJMEGEN,VMBO,0.0,34.56,0.0,0.1289,0
21WE00,Kaj Munk College,HAARLEMMERMEER,HAVO/VWO,24.84,41.33,0.0964,0.1502,700
21WE02,Kaj Munk College,HAARLEMMERMEER,VMBO,0.0,24.28,0.0,0.0944,0
22NE00,College De Heemlanden,HOUTEN,HAVO/VWO,41.31,43.85,0.1502,0.1579,640
23AP00,MY college,NISSEWAARD,VMBO,0.0,1.4,0.0,0.006,0
23FY00,Bossche Vakschool,'S-HERTOGENBOSCH,VMBO,0.0,40.56,0.0,0.1479,0
23GF00,Stg Cheider VO,AMSTERDAM,HAVO/VWO,39.11,28.44,0.1434,0.1087,14
23HC00,Lingecollege,TIEL,VMBO,0.0,24.82,0.0,0.0963,0
23HC01,Lingecollege Lyceum,TIEL,HAVO/VWO,34.38,43.34,0.1283,0.1564,639
23HC04,Lingecollege Mavo,TIEL,VMBO,0.0,13.38,0.0,0.0545,0
23JA01,Grafisch Lyceum R'dam,ROTTERDAM,VMBO,0.0,100.0,0.0,0.301,0
23KU00,Northgo College,NOORDWIJK,HAVO/VWO,24.65,29.98,0.0957,0.1139,356
23VD00,Broeckland College,STICHTSE VECHT,VMBO,0.0,32.92,0.0,0.1236,0
23VL00,SGM Pieter Zandt,KAMPEN,HAVO/VWO,12.17,15.8,0.0499,0.0637,679
23VL01,SGM Pieter Zandt,STAPHORST,VMBO,0.0,0.0,0.0,0.0,0
23VL02,SGM Pieter Zandt,URK,VMBO,0.0,0.0,0.0,0.0,0
23WU00,Chr SGM Eekeringe,STEENWIJKERLAND,VMBO,0.0,14.17,0.0,0.0575,0
23YU00,Nova College,ROTTERDAM,VMBO,0.0,0.0,0.0,0.0,0
23YU01,NC- loc. VC Zuidrand,ROTTERDAM,VMBO,0.0,0.0,0.0,0.0,0
23YU02,NC- locatie Montfort College,ROTTERDAM,HAVO/VWO,8.3,14.33,0.0346,0.0582,174
23YU04,NC - loc. Charles de Foucauld,NISSEWAARD,VMBO,0.0,9.47,0.0,0.0393,0
23YU08,NC - locatie Palmentuin,ROTTERDAM,VMBO,0.0,0.0,0.0,0.0,0
24PY00,Stedelijk Dalton Lyceum,DORDRECHT,HAVO/VWO,84.65,52.96,0.2664,0.1846,0
24PY02,Stedelijk Dalton Lyceum,DORDRECHT,VMBO,0.0,23.96,0.0,0.0933,0
24PY05,Stedelijk Dalton Lyceum,DORDRECHT,HAVO/VWO,0.0,16.59,0.0,0.0667,431
24RW00,O V C,ALMERE,HAVO/VWO,34.02,35.43,0.1272,0.1317,615
24RW03,O V C locatie Buitenhout,ALMERE,VMBO,0.0,1.94,0.0,0.0083,0
24RW04,Montessori Campus 0-18 (VO),ALMERE,HAVO/VWO,13.53,20.91,0.0551,0.0824,179
24RW05,Montessori Lyceum Flevoland,ALMERE,VMBO,0.0,0.0,0.0,0.0,0
24TF00,Staring College,LOCHEM,HAVO/VWO,23.44,27.47,0.0914,0.1054,598
24TF01,Staring College,BERKELLAND,VMBO,0.0,22.98,0.0,0.0898,0
24TF02,Staring College,BERKELLAND,VMBO,0.0,29.09,0.0,0.1109,0
24TG00,Gooise Scholen Federatie Weesp,AMSTERDAM,HAVO/VWO,31.12,30.62,0.1177,0.116,563
24TG04,Casparus College,AMSTERDAM,VMBO,0.0,34.9,0.0,0.13,0
24TJ00,Trajectum College,UTRECHT,VMBO,0.0,2.52,0.0,0.0108,0
24TP00,Merewade College,GORINCHEM,HAVO/VWO,16.22,19.98,0.0653,0.0791,471
24TP02,Merewade College,GORINCHEM,VMBO,0.0,33.83,0.0,0.1266,0
24TR00,NUOVO scholengroep,UTRECHT,HAVO/VWO,40.7,41.98,0.1483,0.1522,627
24TR03,X 11 media en vormgeving,UTRECHT,HAVO/VWO,0.0,4.04,0.0,0.0172,129
24TR05,VOLT! Toekomstmakers,UTRECHT,VMBO,0.0,13.93,0.0,0.0566,0
24TR10,ACADEMIE TIEN,UTRECHT,HAVO/VWO,0.97,7.35,0.0042,0.0308,78
25CL00,RSG Stad en Esch,MEPPEL,HAVO/VWO,27.39,25.69,0.1051,0.0993,397
25CL01,"RSG Stad en Esch, Beroepencoll",MEPPEL,VMBO,0.0,33.17,0.0,0.1244,0
25CL03,RSG Stad en Esch Diever,WESTERVELD,HAVO/VWO,0.0,10.24,0.0,0.0423,62
25CL04,RSG Stad en Esch,MEPPEL,VMBO,0.0,40.18,0.0,0.1467,0
25CM00,Chr SGM Liudger,SMALLINGERLAND,VMBO,0.0,20.23,0.0,0.08,0
25CM04,Chr SGM Liudger,SMALLINGERLAND,HAVO/VWO,37.91,40.12,0.1396,0.1465,554
25CM07,Chr SGM Liudger,TYTSJERKSTERADIEL,VMBO,0.0,9.47,0.0,0.0393,0
25CM08,Chr SGM Liudger,OOSTSTELLINGWERF,VMBO,0.0,14.42,0.0,0.0585,0
25CM12,Chr SGM Liudger,TYTSJERKSTERADIEL,HAVO/VWO,0.0,35.33,0.0,0.1314,282
25CR00,csg Bogerman,SÚDWEST-FRYSLÂN,HAVO/VWO,20.21,30.55,0.0799,0.1158,593
25CR03,Bogerman SGM,SÚDWEST-FRYSLÂN,VMBO,0.0,21.07,0.0,0.083,0
25CR07,csg Bogerman Koudum,SÚDWEST-FRYSLÂN,VMBO,0.0,12.37,0.0,0.0507,0
25CR10,csg Bogerman Balk,DE FRYSKE MARREN,VMBO,0.0,12.41,0.0,0.0508,0
25CV00,Bornego College,HEERENVEEN,HAVO/VWO,36.43,34.47,0.1349,0.1286,566
25CV02,Bornego College VMBO,HEERENVEEN,VMBO,0.0,12.87,0.0,0.0526,0
25CV03,Bornego College vst. Joure,DE FRYSKE MARREN,VMBO,0.0,20.33,0.0,0.0804,0
25CV05,Bornego College,HEERENVEEN,VMBO,0.0,0.0,0.0,0.0,0
25DA00,Atlas College,HOORN,HAVO/VWO,29.18,29.09,0.1112,0.1109,523
25DA02,Copernicus SG,HOORN,HAVO/VWO,16.12,20.32,0.0649,0.0803,533
25DA04,SG De Dijk,MEDEMBLIK,VMBO,0.0,2.94,0.0,0.0126,0
25DA08,SG Newton,HOORN,VMBO,0.0,2.79,0.0,0.012,0
25DA09,SG De Triade,EDAM-VOLENDAM,VMBO,0.0,100.0,0.0,0.301,0
25EF01,Vonk Alkmaar,ALKMAAR,VMBO,0.0,0.0,0.0,0.0,0
25EF02,Vonk Castricum,CASTRICUM,VMBO,0.0,0.0,0.0,0.0,0
25EF03,Vonk Amsterdam,AMSTERDAM,VMBO,0.0,0.0,0.0,0.0,0
25EF04,Vonk Purmerend,PURMEREND,VMBO,0.0,0.0,0.0,0.0,0
25EF05,Vonk Grootebroek,STEDE BROEC,VMBO,0.0,0.0,0.0,0.0,0
25EF06,Vonk Hoorn,HOORN,VMBO,0.0,0.0,0.0,0.0,0
25EF08,Vonk Heerhugowaard,DIJK EN WAARD,VMBO,0.0,0.0,0.0,0.0,0
25EF09,Vonk Schagen locatie Boomgaard,SCHAGEN,VMBO,0.0,0.0,0.0,0.0,0
25FU00,LCH,HAARLEM,VMBO,0.0,19.65,0.0,0.0779,0
25FU08,LCH locatie Daaf Gelukschool,HAARLEM,VMBO,0.0,17.35,0.0,0.0695,0
25FX00,Reynaert College,HULST,HAVO/VWO,32.11,60.43,0.1209,0.2053,344
25FX01,Reynaert College,HULST,VMBO,0.0,15.31,0.0,0.0619,0
25FY00,Raayland College,VENRAY,HAVO/VWO,20.31,20.48,0.0803,0.0809,434
25GA00,Picasso Lyceum,ZOETERMEER,HAVO/VWO,19.65,22.96,0.0779,0.0898,318
25GA01,MOTION Beweeg College,ZOETERMEER,VMBO,0.0,26.19,0.0,0.101,0
25GA06,SCZ Mavo Zoetermeer,ZOETERMEER,VMBO,0.0,11.16,0.0,0.0459,0
25GB00,Marne College,SÚDWEST-FRYSLÂN,HAVO/VWO,20.37,24.64,0.0805,0.0957,303
25GB02,Marne College,SÚDWEST-FRYSLÂN,VMBO,0.0,39.19,0.0,0.1436,0
25GC00,SGM Breda voor Katholiek VO,BREDA,HAVO/VWO,12.15,18.73,0.0498,0.0746,506
25GC01,SGM Breda voor Katholiek VO,BREDA,VMBO,0.0,33.63,0.0,0.1259,0
25GC02,SGM Breda voor Katholiek VO,BREDA,HAVO/VWO,46.65,32.36,0.1663,0.1218,497
25GC03,SGM Breda voor Katholiek VO,ZUNDERT,HAVO/VWO,0.0,3.9,0.0,0.0166,42
25GC08,SGM Breda voor Katholiek VO,BAARLE-NASSAU,VMBO,0.0,23.21,0.0,0.0906,0
25GC09,SGM Breda voor Katholiek VO,BREDA,VMBO,0.0,41.22,0.0,0.1499,0
25GC10,SGM Breda voor Katholiek VO,BREDA,VMBO,0.0,13.81,0.0,0.0562,0
25GC11,SGM Breda voor Katholiek VO,BREDA,HAVO/VWO,33.49,44.7,0.1254,0.1605,68
25GD00,Andreas College,KATWIJK,VMBO,0.0,39.85,0.0,0.1457,0
25GD01,Andreas College,KATWIJK,HAVO/VWO,25.23,27.87,0.0977,0.1068,504
25GE00,Het Streek Lyceum,EDE,HAVO/VWO,26.27,31.65,0.1013,0.1194,593
25GE02,Het Streek College,EDE,VMBO,0.0,17.69,0.0,0.0707,0
25GF00,Dendroncollege,HORST AAN DE MAAS,HAVO/VWO,14.34,22.11,0.0582,0.0867,620
25GL00,SGM Arnhem Noord,ARNHEM,HAVO/VWO,35.98,47.15,0.1335,0.1678,564
25GL04,SGM Arnhem Noord,ARNHEM,VMBO,0.0,14.17,0.0,0.0575,0
25GL06,SGM Arnhem Noord,ARNHEM,HAVO/VWO,0.0,15.35,0.0,0.062,375
25GM00,dr Aletta Jacobs College,MIDDEN-GRONINGEN,HAVO/VWO,14.55,20.04,0.059,0.0793,291
25GM03,dr Aletta Jacobs College,MIDDEN-GRONINGEN,VMBO,0.0,26.26,0.0,0.1013,0
25GM04,dr Aletta Jacobs College,MIDDEN-GRONINGEN,VMBO,0.0,23.58,0.0,0.0919,0
25GV01,Aeres VMBO Emmeloord,NOORDOOSTPOLDER,VMBO,0.0,0.0,0.0,0.0,0
25GV05,Aeres VMBO Ede,EDE,VMBO,0.0,0.0,0.0,0.0,0
25GV07,Aeres VMBO Lelystad,LELYSTAD,VMBO,0.0,0.0,0.0,0.0,0
25GV08,Aeres VMBO Maartensdijk,DE BILT,VMBO,0.0,2.02,0.0,0.0087,0
25GV09,Aeres VMBO Nijkerk,NIJKERK,VMBO,0.0,0.0,0.0,0.0,0
25GV10,Aeres VMBO Velp,RHEDEN,VMBO,0.0,0.0,0.0,0.0,0
25GV11,Aeres MAVO Bilthoven,DE BILT,VMBO,0.0,20.24,0.0,0.08,0
25GV30,Aeres VMBO Buitenpost,ACHTKARSPELEN,VMBO,0.0,0.0,0.0,0.0,0
25GV31,Aeres VMBO Sneek,SÚDWEST-FRYSLÂN,VMBO,0.0,0.0,0.0,0.0,0
25GV32,Aeres VMBO Heerenveen,HEERENVEEN,VMBO,0.0,0.0,0.0,0.0,0
25GV34,Aeres VMBO Leeuwarden,LEEUWARDEN,VMBO,0.0,0.0,0.0,0.0,0
25KX00,Lorentz Casimir Lyceum,EINDHOVEN,HAVO/VWO,47.44,56.32,0.1686,0.194,492
25LV00,SG De Rooi Pannen,TILBURG,VMBO,0.0,0.0,0.0,0.0,0
25LV19,SG De Rooi Pannen,EINDHOVEN,VMBO,0.0,0.0,0.0,0.0,0
25LX33,Curio scala,BREDA,VMBO,0.0,2.23,0.0,0.0096,0
25LX41,Curio effent,OOSTERHOUT,VMBO,0.0,20.01,0.0,0.0792,0
25MB00,Summa College,EINDHOVEN,HAVO/VWO,0.0,18.14,0.0,0.0724,355
25MG00,Commanderij College,GEMERT-BAKEL,HAVO/VWO,32.12,53.2,0.121,0.1853,646
25MG02,Commanderij College,GEMERT-BAKEL,VMBO,0.0,35.43,0.0,0.1317,0
25MG03,Commanderij College,LAARBEEK,VMBO,0.0,17.74,0.0,0.0709,0
26CC05,"locatie, VMBO Kesteren",NEDER-BETUWE,VMBO,0.0,0.0,0.0,0.0,0
26CC06,"locatie, VMBO Nijmegen",NIJMEGEN,VMBO,0.0,0.0,0.0,0.0,0
26CC08,locatie VMBO Den Bosch,'S-HERTOGENBOSCH,VMBO,0.0,0.0,0.0,0.0,0
26CC13,locatieVMBO/MBO Eindhoven,EINDHOVEN,VMBO,0.0,0.0,0.0,0.0,0
27DG00,De Passie,UTRECHT,HAVO/VWO,23.41,27.01,0.0913,0.1038,348
27MD00,Castor College,BEVERWIJK,HAVO/VWO,25.49,36.33,0.0986,0.1346,756
27MD01,Dalí College,HEEMSKERK,VMBO,0.0,15.46,0.0,0.0624,0
27MD02,SKILLS vmbo,HEEMSKERK,VMBO,0.0,28.33,0.0,0.1083,0
27RW00,De Passie,ROTTERDAM,HAVO/VWO,23.4,37.17,0.0913,0.1373,248
27VD00,Aeres VMBO Almere,ALMERE,VMBO,0.0,0.0,0.0,0.0,0
27VG00,Porta Mosana College,MAASTRICHT,HAVO/VWO,82.66,53.51,0.2616,0.1861,74
27VG01,Porta Mosana College,MAASTRICHT,VMBO,0.0,0.0,0.0,0.0,0
27ZH00,Sint-Maartenscollege,MAASTRICHT,VMBO,0.0,38.76,0.0,0.1423,0
27ZH02,Sint-Maartenscollege,MAASTRICHT,HAVO/VWO,36.99,35.65,0.1367,0.1324,370
27ZJ00,Bonnefantencollege,MAASTRICHT,HAVO/VWO,1.92,9.28,0.0083,0.0385,321
27ZJ01,Bonnefantencollege,MAASTRICHT,VMBO,0.0,19.4,0.0,0.077,0
27ZJ02,Bonnefantencollege,MAASTRICHT,HAVO/VWO,14.85,20.53,0.0601,0.0811,371
28DH00,Montessori Lyceum Terra Nova,AMSTERDAM,HAVO/VWO,12.06,17.41,0.0495,0.0697,365
29WG00,De Passie,WIERDEN,HAVO/VWO,22.09,29.17,0.0867,0.1112,252
29YT00,Zuiderzee College,ZAANSTAD,VMBO,0.0,23.0,0.0,0.0899,0
29ZT00,Pvo Kapelle,KAPELLE,HAVO/VWO,41.48,35.35,0.1507,0.1314,142
30AU00,Citadel College,NIJMEGEN,VMBO,0.0,0.0,0.0,0.0,0
30AU01,Citadel College,NIJMEGEN,HAVO/VWO,20.75,26.03,0.0819,0.1005,400
30BC00,SiNTLUCAS,EINDHOVEN,VMBO,0.0,100.0,0.0,0.301,0
30BE00,Houtens,HOUTEN,VMBO,0.0,6.9,0.0,0.029,0
30EU00,Markland College Zevenbergen,MOERDIJK,HAVO/VWO,16.14,22.27,0.065,0.0873,383
30GC00,Het 4e Gymnasium,AMSTERDAM,HAVO/VWO,93.11,50.45,0.2858,0.1774,0
30GD00,Stedelijk Gymnasium Socrates,LEIDEN,HAVO/VWO,94.99,62.76,0.29,0.2115,0
30JN00,Volantcollege,GOOISE MEREN,HAVO/VWO,23.73,13.59,0.0925,0.0553,104
30PP00,VO Eemsdelta,EEMSDELTA,VMBO,0.0,27.6,0.0,0.1058,0
30PP01,VO Eemsdelta,MIDDEN-GRONINGEN,VMBO,0.0,30.6,0.0,0.1159,0
30PP04,VO Eemsdelta,EEMSDELTA,HAVO/VWO,28.1,40.83,0.1075,0.1487,417
30UB00,UniC,UTRECHT,HAVO/VWO,33.9,41.11,0.1268,0.1496,386
30UV00,Pvo Hurdegarijp,TYTSJERKSTERADIEL,HAVO/VWO,37.1,45.57,0.137,0.1631,115
30WH00,Avicenna College,ROTTERDAM,HAVO/VWO,0.15,0.3,0.0007,0.0013,26
30WH02,Avicenna College,ROTTERDAM,HAVO/VWO,28.16,46.84,0.1078,0.1668,132
31BL00,De Amsterdamse Mavo,AMSTERDAM,VMBO,0.0,21.24,0.0,0.0836,0
31CG00,Melanchthon,LANSINGERLAND,HAVO/VWO,0.0,21.2,0.0,0.0835,286
31CG01,Melanchthon Business School,LANSINGERLAND,VMBO,0.0,0.0,0.0,0.0,0
31CG02,Melanchthon Bergschenhoek,LANSINGERLAND,HAVO/VWO,50.25,51.56,0.1768,0.1806,422
31CG03,Melanchthon Berkroden,LANSINGERLAND,VMBO,0.0,4.61,0.0,0.0196,0
31CH00,Scholengroep Penta,VOORNE AAN ZEE,HAVO/VWO,30.03,32.06,0.114,0.1208,507
31CH01,Penta De Oude Maas,NISSEWAARD,VMBO,0.0,49.25,0.0,0.1739,0
31CZ00,PvO Geldermalsen,WEST BETUWE,HAVO/VWO,34.01,43.92,0.1271,0.1581,113
31EW00,'s Gravendreef College,'S-GRAVENHAGE,HAVO/VWO,0.0,28.49,0.0,0.1089,320
31EW01,'s Gravendreef College,LEIDSCHENDAM-VOORBURG,VMBO,0.0,0.0,0.0,0.0,0
31EW02,'s Gravendreef College,'S-GRAVENHAGE,VMBO,0.0,0.0,0.0,0.0,0
31EX00,Portus SG Groene Hart,BARENDRECHT,HAVO/VWO,16.46,23.26,0.0662,0.0908,618
31EX01,CSG Calvijn Focus Barendrecht,BARENDRECHT,VMBO,0.0,0.0,0.0,0.0,0
31FG00,PVO Amsterdam,AMSTERDAM,HAVO/VWO,28.98,34.41,0.1105,0.1284,49
31FH00,Pvo Utrecht,UTRECHT,HAVO/VWO,23.38,24.52,0.0912,0.0953,40
31GM00,Cornelius Haga Lyceum,AMSTERDAM,HAVO/VWO,5.56,9.72,0.0235,0.0403,37
31HN00,Stanislascollege Pijnacker,PIJNACKER-NOOTDORP,HAVO/VWO,19.39,25.28,0.077,0.0979,501
31HN01,Stanislas Beweeg-vmbo/mavo,RIJSWIJK,VMBO,0.0,21.25,0.0,0.0837,0
31JC01,Zone.college vmbo Almelo,ALMELO,VMBO,0.0,0.0,0.0,0.0,0
31JC02,Zone.college vmbo Borculo,BERKELLAND,VMBO,0.0,0.0,0.0,0.0,0
31JC03,Zone.college vmbo Doetinchem,DOETINCHEM,VMBO,0.0,0.0,0.0,0.0,0
31JC04,Zone.college vmbo Enschede,ENSCHEDE,VMBO,0.0,0.0,0.0,0.0,0
31JC05,Zone.college vmbo Twello,VOORST,VMBO,0.0,0.0,0.0,0.0,0
31JC06,Zone.college vmbo Zwolle,ZWOLLE,VMBO,0.0,0.0,0.0,0.0,0
31JW00,Lodewijk College,TERNEUZEN,HAVO/VWO,26.39,40.71,0.1017,0.1483,671
31JW01,Lodewijk College,TERNEUZEN,VMBO,0.0,7.41,0.0,0.031,0
31LW00,De Nieuwste School,TILBURG,HAVO/VWO,29.03,26.18,0.1107,0.101,270
31MD00,Lentiz Revius Lyceum,MAASSLUIS,HAVO/VWO,35.11,50.64,0.1307,0.1779,400
31MD02,Lentiz Geuzencollege,VLAARDINGEN,VMBO,0.0,0.0,0.0,0.0,0
31MD03,Lentiz Revius Mavo,MAASSLUIS,VMBO,0.0,10.36,0.0,0.0428,0
31RY00,Zuider Gymnasium,ROTTERDAM,HAVO/VWO,89.21,48.47,0.2769,0.1717,0
31TK00,Graaf Engelbrecht,BREDA,HAVO/VWO,16.94,19.55,0.068,0.0776,107
